#
# There is insufficient memory for the Java Runtime Environment to continue.
# Native memory allocation (mmap) failed to map 339738624 bytes. Error detail: G1 virtual space
# Possible reasons:
#   The system is out of physical RAM or swap space
#   This process is running with CompressedOops enabled, and the Java Heap may be blocking the growth of the native heap
# Possible solutions:
#   Reduce memory load on the system
#   Increase physical memory or swap space
#   Check if swap backing store is full
#   Decrease Java heap size (-Xmx/-Xms)
#   Decrease number of Java threads
#   Decrease Java thread stack sizes (-Xss)
#   Set larger code cache with -XX:ReservedCodeCacheSize=
#   JVM is running with Zero Based Compressed Oops mode in which the Java heap is
#     placed in the first 32GB address space. The Java Heap base address is the
#     maximum limit for the native heap growth. Please use -XX:HeapBaseMinAddress
#     to set the Java Heap base and to place the Java Heap above 32GB virtual address.
# This output file may be truncated or incomplete.
#
#  Out of Memory Error (os_windows.cpp:3603), pid=2840, tid=39644
#
# JRE version: OpenJDK Runtime Environment Zulu21.34+19-CA (21.0.3+9) (build 21.0.3+9-LTS)
# Java VM: OpenJDK 64-Bit Server VM Zulu21.34+19-CA (21.0.3+9-LTS, mixed mode, sharing, tiered, compressed oops, compressed class ptrs, g1 gc, windows-amd64)
# No core dump will be written. Minidumps are not enabled by default on client versions of Windows
#

---------------  S U M M A R Y ------------

Command Line: --add-opens=java.base/java.lang=ALL-UNNAMED --add-opens=java.base/java.lang.invoke=ALL-UNNAMED --add-opens=java.base/java.util=ALL-UNNAMED --add-opens=java.prefs/java.util.prefs=ALL-UNNAMED --add-exports=jdk.compiler/com.sun.tools.javac.api=ALL-UNNAMED --add-exports=jdk.compiler/com.sun.tools.javac.util=ALL-UNNAMED --add-opens=java.base/java.util=ALL-UNNAMED --add-opens=java.prefs/java.util.prefs=ALL-UNNAMED --add-opens=java.base/java.nio.charset=ALL-UNNAMED --add-opens=java.base/java.net=ALL-UNNAMED --add-opens=java.base/java.util.concurrent=ALL-UNNAMED --add-opens=java.base/java.util.concurrent.atomic=ALL-UNNAMED --add-opens=java.xml/javax.xml.namespace=ALL-UNNAMED --add-opens=java.base/java.time=ALL-UNNAMED -Xmx4G -Dfile.encoding=UTF-8 -Duser.country=RU -Duser.language=ru -Duser.variant -javaagent:C:\Users\yolki\.gradle\wrapper\dists\gradle-9.2.1-bin\2t0n5ozlw9xmuyvbp7dnzaxug\gradle-9.2.1\lib\agents\gradle-instrumentation-agent-9.2.1.jar org.gradle.launcher.daemon.bootstrap.GradleDaemon 9.2.1

Host: AMD Ryzen 5 7500F 6-Core Processor             , 12 cores, 31G,  Windows 11 , 64 bit Build 26100 (10.0.26100.7309)
Time: Wed Jan 14 11:02:04 2026 RTZ 2 (s 11 , 64 bit Build 26100 (10.0.26100.7309) elapsed time: 26.727249 seconds (0d 0h 0m 26s)

---------------  T H R E A D  ---------------

Current thread (0x0000011bb25e0d90):  VMThread "VM Thread"          [id=39644, stack(0x00000002bd800000,0x00000002bd900000) (1024K)]

Stack: [0x00000002bd800000,0x00000002bd900000]
Native frames: (J=compiled Java code, j=interpreted, Vv=VM code, C=native code)
V  [jvm.dll+0x6d3919]
V  [jvm.dll+0x8ae6d1]
V  [jvm.dll+0x8b0a3e]
V  [jvm.dll+0x8b1123]
V  [jvm.dll+0x286316]
V  [jvm.dll+0x6cfff5]
V  [jvm.dll+0x6c49ea]
V  [jvm.dll+0x35b7da]
V  [jvm.dll+0x3633b6]
V  [jvm.dll+0x3b4b4e]
V  [jvm.dll+0x3b4df8]
V  [jvm.dll+0x32f12c]
V  [jvm.dll+0x32f1b7]
V  [jvm.dll+0x373bac]
V  [jvm.dll+0x3723ad]
V  [jvm.dll+0x32e8a1]
V  [jvm.dll+0x371aba]
V  [jvm.dll+0x8b6c28]
V  [jvm.dll+0x8b7d24]
V  [jvm.dll+0x8b8260]
V  [jvm.dll+0x8b8503]
V  [jvm.dll+0x857848]
V  [jvm.dll+0x6d206d]
C  [ucrtbase.dll+0x37b0]
C  [KERNEL32.DLL+0x2e8d7]
C  [ntdll.dll+0x8c53c]

VM_Operation (0x00000002c64f8240): G1CollectForAllocation, mode: safepoint, requested by thread 0x0000011c0d0ea6e0


---------------  P R O C E S S  ---------------

Threads class SMR info:
_java_thread_list=0x0000011c0b7964f0, length=200, elements={
0x0000011b908835b0, 0x0000011bb26065e0, 0x0000011bb2607140, 0x0000011bb2615840,
0x0000011bb26163d0, 0x0000011bb2617110, 0x0000011bb2619e60, 0x0000011bb261bfb0,
0x0000011bb2627220, 0x0000011bb2784ab0, 0x0000011bb292bc60, 0x0000011bf97450b0,
0x0000011bf98c3f30, 0x0000011bf981c4b0, 0x0000011bf9818f50, 0x0000011bf9816f30,
0x0000011bf9a05770, 0x0000011bf9b2ea40, 0x0000011bf9b228b0, 0x0000011bf9b1f430,
0x0000011bf9b20e70, 0x0000011bf9b207e0, 0x0000011bf9b22220, 0x0000011bf9b1fac0,
0x0000011bfda97eb0, 0x0000011bfda95de0, 0x0000011bfda96470, 0x0000011bfda96b00,
0x0000011bfda97190, 0x0000011bfda97820, 0x0000011bfda950c0, 0x0000011bfda98bd0,
0x0000011bfda9c050, 0x0000011bfda9c6e0, 0x0000011bfda99260, 0x0000011bfda9aca0,
0x0000011bfda99f80, 0x0000011bfda9a610, 0x0000011bfda9b9c0, 0x0000011bfeaa58d0,
0x0000011bfeaa3800, 0x0000011bfeaa5240, 0x0000011bfeaa3170, 0x0000011bfeaa4bb0,
0x0000011bfeaa3e90, 0x0000011bfeaa2450, 0x0000011bfeaa5f60, 0x0000011bfeaa4520,
0x0000011bfeaa2ae0, 0x0000011bfeaa65f0, 0x0000011bfeaa8030, 0x0000011bfeaa6c80,
0x0000011bfeaa7310, 0x0000011bfeaa86c0, 0x0000011bfeaa79a0, 0x0000011bfeaa9a70,
0x0000011bfeaa93e0, 0x0000011bfeaa8d50, 0x0000011bfeab1300, 0x0000011bfeab0c70,
0x0000011bfeaaf8c0, 0x0000011bfeaaff50, 0x0000011bfeaaeba0, 0x0000011bfeab05e0,
0x0000011bfeab1990, 0x0000011bfeab2020, 0x0000011bfeab26b0, 0x0000011bfeaaf230,
0x0000011bfeab4e10, 0x0000011bfeab54a0, 0x0000011bfeab3a60, 0x0000011bfeab40f0,
0x0000011bfaf06e30, 0x0000011bfaf0bcf0, 0x0000011bff1de370, 0x0000011bff5d74f0,
0x0000011bff5d6140, 0x0000011c0cee08c0, 0x0000011c0cede160, 0x0000011c0ceec710,
0x0000011c0ceecda0, 0x0000011c0cede7f0, 0x0000011c0cee2300, 0x0000011c0cee3020,
0x0000011c0cee43d0, 0x0000011bff5da2e0, 0x0000011bff5d6e60, 0x0000011bff5d4700,
0x0000011bff5db000, 0x0000011bff5da970, 0x0000011bff5d8f30, 0x0000011c0cee6b30,
0x0000011c0cee64a0, 0x0000011c0cee4a60, 0x0000011c0cee5e10, 0x0000011c0be15b60,
0x0000011c0be16f10, 0x0000011c0be13a90, 0x0000011c0be119c0, 0x0000011c0be12050,
0x0000011c0be10610, 0x0000011c0be11330, 0x0000011c0be0ebd0, 0x0000011c0be161f0,
0x0000011c0be147b0, 0x0000011c0be12d70, 0x0000011c0be182c0, 0x0000011c0be14e40,
0x0000011c0be175a0, 0x0000011c0be18fe0, 0x0000011c0be16880, 0x0000011c0be1a390,
0x0000011c0be17c30, 0x0000011c0d0e5eb0, 0x0000011c0d0e3de0, 0x0000011c0d0e4b00,
0x0000011c0d0e2a30, 0x0000011c0d0e7f80, 0x0000011c0d0e8ca0, 0x0000011c0d0e99c0,
0x0000011c0d0e7260, 0x0000011c0d0e6540, 0x0000011c0d0e8610, 0x0000011c0d0ea050,
0x0000011c0d0e78f0, 0x0000011c0d0e9330, 0x0000011c0d0e6bd0, 0x0000011c0d0eb400,
0x0000011c0d0ea6e0, 0x0000011c0d0ec120, 0x0000011c0d0ec7b0, 0x0000011c0d0ee1f0,
0x0000011c0d0eba90, 0x0000011c0d0ece40, 0x0000011c0d0ead70, 0x0000011c0d0ef5a0,
0x0000011c0d0ee880, 0x0000011c0d0eef10, 0x0000011c0d0efc30, 0x0000011c0d0f0950,
0x0000011c0be0f8f0, 0x0000011c0be1b0b0, 0x0000011c0be1aa20, 0x0000011c0be18950,
0x0000011c0be1c460, 0x0000011c0be1b740, 0x0000011c0be1bdd0, 0x0000011c0be1caf0,
0x0000011c0be19670, 0x0000011c0be1d180, 0x0000011c0be1d810, 0x0000011c0be1dea0,
0x0000011c0cedf510, 0x0000011c0cee8570, 0x0000011c0cee7850, 0x0000011c0cee50f0,
0x0000011c0ceec080, 0x0000011c0ceea640, 0x0000011c0ceeb360, 0x0000011c0cee8c00,
0x0000011c0cee9290, 0x0000011c0cee9fb0, 0x0000011c0cee9920, 0x0000011c0d0e1d10,
0x0000011c0d0ed4d0, 0x0000011c0d0f02c0, 0x0000011c0d0edb60, 0x0000011c0d0f0fe0,
0x0000011bf9e6ae70, 0x0000011bf9e6f010, 0x0000011bf9e6f6a0, 0x0000011bf9e70a50,
0x0000011bff1d8e20, 0x0000011bff1dc930, 0x0000011bff1dcfc0, 0x0000011bff34fb40,
0x0000011bff34d3e0, 0x0000011bff34e100, 0x0000011bff34cd50, 0x0000011bff350860,
0x0000011bff350ef0, 0x0000011bff34e790, 0x0000011bff3501d0, 0x0000011bff34f4b0,
0x0000011bff34da70, 0x0000011bff34ee20, 0x0000011bff354a00, 0x0000011bff353650,
0x0000011bff351580, 0x0000011bff355090, 0x0000011bff353ce0, 0x0000011bff354370,
0x0000011bff351c10, 0x0000011bff355720, 0x0000011bff355db0, 0x0000011bff352930,
0x0000011bff3598c0, 0x0000011bff357e80, 0x0000011bff358510, 0x0000011bff357160
}

Java Threads: ( => current thread )
  0x0000011b908835b0 JavaThread "main"                              [_thread_blocked, id=31864, stack(0x00000002bd100000,0x00000002bd200000) (1024K)]
  0x0000011bb26065e0 JavaThread "Reference Handler"          daemon [_thread_blocked, id=42916, stack(0x00000002bd900000,0x00000002bda00000) (1024K)]
  0x0000011bb2607140 JavaThread "Finalizer"                  daemon [_thread_blocked, id=28668, stack(0x00000002bda00000,0x00000002bdb00000) (1024K)]
  0x0000011bb2615840 JavaThread "Signal Dispatcher"          daemon [_thread_blocked, id=31020, stack(0x00000002bdb00000,0x00000002bdc00000) (1024K)]
  0x0000011bb26163d0 JavaThread "Attach Listener"            daemon [_thread_blocked, id=30660, stack(0x00000002bdc00000,0x00000002bdd00000) (1024K)]
  0x0000011bb2617110 JavaThread "Service Thread"             daemon [_thread_blocked, id=28332, stack(0x00000002bdd00000,0x00000002bde00000) (1024K)]
  0x0000011bb2619e60 JavaThread "Monitor Deflation Thread"   daemon [_thread_blocked, id=27848, stack(0x00000002bde00000,0x00000002bdf00000) (1024K)]
  0x0000011bb261bfb0 JavaThread "C2 CompilerThread0"         daemon [_thread_blocked, id=17568, stack(0x00000002bdf00000,0x00000002be000000) (1024K)]
  0x0000011bb2627220 JavaThread "C1 CompilerThread0"         daemon [_thread_blocked, id=41436, stack(0x00000002be000000,0x00000002be100000) (1024K)]
  0x0000011bb2784ab0 JavaThread "Common-Cleaner"             daemon [_thread_blocked, id=20268, stack(0x00000002be100000,0x00000002be200000) (1024K)]
  0x0000011bb292bc60 JavaThread "Notification Thread"        daemon [_thread_blocked, id=36604, stack(0x00000002be200000,0x00000002be300000) (1024K)]
  0x0000011bf97450b0 JavaThread "Daemon health stats"               [_thread_blocked, id=13688, stack(0x00000002bee00000,0x00000002bef00000) (1024K)]
  0x0000011bf98c3f30 JavaThread "Incoming local TCP Connector on port 56207"        [_thread_in_native, id=34972, stack(0x00000002bef00000,0x00000002bf000000) (1024K)]
  0x0000011bf981c4b0 JavaThread "Daemon periodic checks"            [_thread_blocked, id=17056, stack(0x00000002bf000000,0x00000002bf100000) (1024K)]
  0x0000011bf9818f50 JavaThread "Daemon"                            [_thread_blocked, id=40712, stack(0x00000002bf100000,0x00000002bf200000) (1024K)]
  0x0000011bf9816f30 JavaThread "Handler for socket connection from /127.0.0.1:56207 to /127.0.0.1:56209"        [_thread_in_native, id=30452, stack(0x00000002bf200000,0x00000002bf300000) (1024K)]
  0x0000011bf9a05770 JavaThread "Cancel handler"                    [_thread_blocked, id=33392, stack(0x00000002bf300000,0x00000002bf400000) (1024K)]
  0x0000011bf9b2ea40 JavaThread "Daemon worker"                     [_thread_blocked, id=33028, stack(0x00000002bf400000,0x00000002bf500000) (1024K)]
  0x0000011bf9b228b0 JavaThread "Asynchronous log dispatcher for DefaultDaemonConnection: socket connection from /127.0.0.1:56207 to /127.0.0.1:56209"        [_thread_blocked, id=39516, stack(0x00000002bf500000,0x00000002bf600000) (1024K)]
  0x0000011bf9b1f430 JavaThread "Stdin handler"                     [_thread_blocked, id=31996, stack(0x00000002bf600000,0x00000002bf700000) (1024K)]
  0x0000011bf9b20e70 JavaThread "Daemon client event forwarder"        [_thread_blocked, id=20068, stack(0x00000002bf700000,0x00000002bf800000) (1024K)]
  0x0000011bf9b207e0 JavaThread "Cache worker for journal cache (C:\Users\yolki\.gradle\caches\journal-1)"        [_thread_blocked, id=41132, stack(0x00000002bf800000,0x00000002bf900000) (1024K)]
  0x0000011bf9b22220 JavaThread "File lock request listener"        [_thread_in_native, id=5496, stack(0x00000002bf900000,0x00000002bfa00000) (1024K)]
  0x0000011bf9b1fac0 JavaThread "Cache worker for file hash cache (C:\Users\yolki\.gradle\caches\9.2.1\fileHashes)"        [_thread_blocked, id=25652, stack(0x00000002bfa00000,0x00000002bfb00000) (1024K)]
  0x0000011bfda97eb0 JavaThread "Cache worker for file hash cache (C:\Users\yolki\IdeaProjects\Origins-Reborn-Enhanced\.gradle\9.2.1\fileHashes)"        [_thread_blocked, id=32480, stack(0x00000002bfd00000,0x00000002bfe00000) (1024K)]
  0x0000011bfda95de0 JavaThread "Cache worker for Build Output Cleanup Cache (C:\Users\yolki\IdeaProjects\Origins-Reborn-Enhanced\.gradle\buildOutputCleanup)"        [_thread_blocked, id=28108, stack(0x00000002bfe00000,0x00000002bff00000) (1024K)]
  0x0000011bfda96470 JavaThread "File watcher server"        daemon [_thread_blocked, id=42940, stack(0x00000002bff00000,0x00000002c0000000) (1024K)]
  0x0000011bfda96b00 JavaThread "File watcher consumer"      daemon [_thread_blocked, id=37388, stack(0x00000002c0000000,0x00000002c0100000) (1024K)]
  0x0000011bfda97190 JavaThread "Cache worker for checksums cache (C:\Users\yolki\IdeaProjects\Origins-Reborn-Enhanced\.gradle\9.2.1\checksums)"        [_thread_blocked, id=36080, stack(0x00000002c0100000,0x00000002c0200000) (1024K)]
  0x0000011bfda97820 JavaThread "Cache worker for file content cache (C:\Users\yolki\.gradle\caches\9.2.1\fileContent)"        [_thread_blocked, id=12876, stack(0x00000002bed00000,0x00000002bee00000) (1024K)]
  0x0000011bfda950c0 JavaThread "Cache worker for cache directory md-supplier (C:\Users\yolki\.gradle\caches\9.2.1\md-supplier)"        [_thread_blocked, id=12516, stack(0x00000002c0200000,0x00000002c0300000) (1024K)]
  0x0000011bfda98bd0 JavaThread "Cache worker for cache directory md-rule (C:\Users\yolki\.gradle\caches\9.2.1\md-rule)"        [_thread_blocked, id=6064, stack(0x00000002c0300000,0x00000002c0400000) (1024K)]
  0x0000011bfda9c050 JavaThread "Unconstrained build operations"        [_thread_blocked, id=35060, stack(0x00000002c0500000,0x00000002c0600000) (1024K)]
  0x0000011bfda9c6e0 JavaThread "Unconstrained build operations Thread 2"        [_thread_blocked, id=30268, stack(0x00000002c0600000,0x00000002c0700000) (1024K)]
  0x0000011bfda99260 JavaThread "Unconstrained build operations Thread 3"        [_thread_blocked, id=38588, stack(0x00000002c0700000,0x00000002c0800000) (1024K)]
  0x0000011bfda9aca0 JavaThread "Unconstrained build operations Thread 4"        [_thread_blocked, id=33796, stack(0x00000002c0800000,0x00000002c0900000) (1024K)]
  0x0000011bfda99f80 JavaThread "Unconstrained build operations Thread 5"        [_thread_blocked, id=35232, stack(0x00000002c0900000,0x00000002c0a00000) (1024K)]
  0x0000011bfda9a610 JavaThread "Unconstrained build operations Thread 6"        [_thread_blocked, id=37384, stack(0x00000002c0a00000,0x00000002c0b00000) (1024K)]
  0x0000011bfda9b9c0 JavaThread "Unconstrained build operations Thread 7"        [_thread_blocked, id=31716, stack(0x00000002c0b00000,0x00000002c0c00000) (1024K)]
  0x0000011bfeaa58d0 JavaThread "Unconstrained build operations Thread 8"        [_thread_blocked, id=40124, stack(0x00000002c0c00000,0x00000002c0d00000) (1024K)]
  0x0000011bfeaa3800 JavaThread "Unconstrained build operations Thread 9"        [_thread_blocked, id=40856, stack(0x00000002c0d00000,0x00000002c0e00000) (1024K)]
  0x0000011bfeaa5240 JavaThread "Unconstrained build operations Thread 10"        [_thread_blocked, id=6632, stack(0x00000002c0e00000,0x00000002c0f00000) (1024K)]
  0x0000011bfeaa3170 JavaThread "Unconstrained build operations Thread 11"        [_thread_blocked, id=29772, stack(0x00000002c0f00000,0x00000002c1000000) (1024K)]
  0x0000011bfeaa4bb0 JavaThread "Unconstrained build operations Thread 12"        [_thread_blocked, id=29784, stack(0x00000002c1000000,0x00000002c1100000) (1024K)]
  0x0000011bfeaa3e90 JavaThread "Unconstrained build operations Thread 13"        [_thread_blocked, id=41364, stack(0x00000002c1100000,0x00000002c1200000) (1024K)]
  0x0000011bfeaa2450 JavaThread "Unconstrained build operations Thread 14"        [_thread_blocked, id=9744, stack(0x00000002c1200000,0x00000002c1300000) (1024K)]
  0x0000011bfeaa5f60 JavaThread "Unconstrained build operations Thread 15"        [_thread_blocked, id=15264, stack(0x00000002c1300000,0x00000002c1400000) (1024K)]
  0x0000011bfeaa4520 JavaThread "Unconstrained build operations Thread 16"        [_thread_blocked, id=22780, stack(0x00000002c1400000,0x00000002c1500000) (1024K)]
  0x0000011bfeaa2ae0 JavaThread "Unconstrained build operations Thread 17"        [_thread_blocked, id=21752, stack(0x00000002c1500000,0x00000002c1600000) (1024K)]
  0x0000011bfeaa65f0 JavaThread "Unconstrained build operations Thread 18"        [_thread_blocked, id=21176, stack(0x00000002c1600000,0x00000002c1700000) (1024K)]
  0x0000011bfeaa8030 JavaThread "Unconstrained build operations Thread 19"        [_thread_blocked, id=27984, stack(0x00000002c1700000,0x00000002c1800000) (1024K)]
  0x0000011bfeaa6c80 JavaThread "Unconstrained build operations Thread 20"        [_thread_blocked, id=31792, stack(0x00000002c1800000,0x00000002c1900000) (1024K)]
  0x0000011bfeaa7310 JavaThread "Unconstrained build operations Thread 21"        [_thread_blocked, id=41240, stack(0x00000002c1900000,0x00000002c1a00000) (1024K)]
  0x0000011bfeaa86c0 JavaThread "Unconstrained build operations Thread 22"        [_thread_blocked, id=13188, stack(0x00000002c1a00000,0x00000002c1b00000) (1024K)]
  0x0000011bfeaa79a0 JavaThread "Unconstrained build operations Thread 23"        [_thread_blocked, id=32240, stack(0x00000002c1b00000,0x00000002c1c00000) (1024K)]
  0x0000011bfeaa9a70 JavaThread "Unconstrained build operations Thread 24"        [_thread_blocked, id=16112, stack(0x00000002c1c00000,0x00000002c1d00000) (1024K)]
  0x0000011bfeaa93e0 JavaThread "Unconstrained build operations Thread 25"        [_thread_blocked, id=31476, stack(0x00000002c1d00000,0x00000002c1e00000) (1024K)]
  0x0000011bfeaa8d50 JavaThread "Unconstrained build operations Thread 26"        [_thread_blocked, id=28116, stack(0x00000002c1e00000,0x00000002c1f00000) (1024K)]
  0x0000011bfeab1300 JavaThread "Unconstrained build operations Thread 27"        [_thread_blocked, id=22900, stack(0x00000002c1f00000,0x00000002c2000000) (1024K)]
  0x0000011bfeab0c70 JavaThread "Unconstrained build operations Thread 28"        [_thread_blocked, id=28656, stack(0x00000002c2000000,0x00000002c2100000) (1024K)]
  0x0000011bfeaaf8c0 JavaThread "Unconstrained build operations Thread 29"        [_thread_blocked, id=6448, stack(0x00000002c2100000,0x00000002c2200000) (1024K)]
  0x0000011bfeaaff50 JavaThread "Unconstrained build operations Thread 30"        [_thread_blocked, id=34992, stack(0x00000002c2200000,0x00000002c2300000) (1024K)]
  0x0000011bfeaaeba0 JavaThread "Unconstrained build operations Thread 31"        [_thread_blocked, id=30208, stack(0x00000002c2300000,0x00000002c2400000) (1024K)]
  0x0000011bfeab05e0 JavaThread "Unconstrained build operations Thread 32"        [_thread_blocked, id=6808, stack(0x00000002c2400000,0x00000002c2500000) (1024K)]
  0x0000011bfeab1990 JavaThread "Unconstrained build operations Thread 33"        [_thread_blocked, id=18164, stack(0x00000002c2500000,0x00000002c2600000) (1024K)]
  0x0000011bfeab2020 JavaThread "Unconstrained build operations Thread 34"        [_thread_blocked, id=35644, stack(0x00000002c2600000,0x00000002c2700000) (1024K)]
  0x0000011bfeab26b0 JavaThread "Unconstrained build operations Thread 35"        [_thread_blocked, id=32752, stack(0x00000002c2700000,0x00000002c2800000) (1024K)]
  0x0000011bfeaaf230 JavaThread "Unconstrained build operations Thread 36"        [_thread_blocked, id=11848, stack(0x00000002c2800000,0x00000002c2900000) (1024K)]
  0x0000011bfeab4e10 JavaThread "Unconstrained build operations Thread 37"        [_thread_blocked, id=25260, stack(0x00000002c2900000,0x00000002c2a00000) (1024K)]
  0x0000011bfeab54a0 JavaThread "Unconstrained build operations Thread 38"        [_thread_blocked, id=33984, stack(0x00000002c2a00000,0x00000002c2b00000) (1024K)]
  0x0000011bfeab3a60 JavaThread "Unconstrained build operations Thread 39"        [_thread_blocked, id=28288, stack(0x00000002c2b00000,0x00000002c2c00000) (1024K)]
  0x0000011bfeab40f0 JavaThread "Memory manager"                    [_thread_blocked, id=35032, stack(0x00000002c2c00000,0x00000002c2d00000) (1024K)]
  0x0000011bfaf06e30 JavaThread "build event listener"              [_thread_blocked, id=17188, stack(0x00000002c2d00000,0x00000002c2e00000) (1024K)]
  0x0000011bfaf0bcf0 JavaThread "Unconstrained build operations Thread 40"        [_thread_blocked, id=16728, stack(0x00000002c0400000,0x00000002c0500000) (1024K)]
  0x0000011bff1de370 JavaThread "build event listener"              [_thread_blocked, id=41824, stack(0x00000002c2e00000,0x00000002c2f00000) (1024K)]
  0x0000011bff5d74f0 JavaThread "Unconstrained build operations Thread 41"        [_thread_blocked, id=27744, stack(0x00000002c3000000,0x00000002c3100000) (1024K)]
  0x0000011bff5d6140 JavaThread "build event listener"              [_thread_blocked, id=28432, stack(0x00000002c3100000,0x00000002c3200000) (1024K)]
  0x0000011c0cee08c0 JavaThread "Unconstrained build operations Thread 42"        [_thread_blocked, id=20744, stack(0x00000002c3200000,0x00000002c3300000) (1024K)]
  0x0000011c0cede160 JavaThread "build event listener"              [_thread_blocked, id=3816, stack(0x00000002c3300000,0x00000002c3400000) (1024K)]
  0x0000011c0ceec710 JavaThread "Unconstrained build operations Thread 43"        [_thread_blocked, id=31132, stack(0x00000002c3400000,0x00000002c3500000) (1024K)]
  0x0000011c0ceecda0 JavaThread "build event listener"              [_thread_blocked, id=39236, stack(0x00000002c3500000,0x00000002c3600000) (1024K)]
  0x0000011c0cede7f0 JavaThread "Unconstrained build operations Thread 44"        [_thread_blocked, id=6852, stack(0x00000002c3600000,0x00000002c3700000) (1024K)]
  0x0000011c0cee2300 JavaThread "build event listener"              [_thread_blocked, id=28196, stack(0x00000002c3700000,0x00000002c3800000) (1024K)]
  0x0000011c0cee3020 JavaThread "Unconstrained build operations Thread 45"        [_thread_blocked, id=28312, stack(0x00000002c3800000,0x00000002c3900000) (1024K)]
  0x0000011c0cee43d0 JavaThread "build event listener"              [_thread_blocked, id=33824, stack(0x00000002c3900000,0x00000002c3a00000) (1024K)]
  0x0000011bff5da2e0 JavaThread "Unconstrained build operations Thread 46"        [_thread_blocked, id=30872, stack(0x00000002c3a00000,0x00000002c3b00000) (1024K)]
  0x0000011bff5d6e60 JavaThread "build event listener"              [_thread_blocked, id=41412, stack(0x00000002c3b00000,0x00000002c3c00000) (1024K)]
  0x0000011bff5d4700 JavaThread "Unconstrained build operations Thread 47"        [_thread_blocked, id=36728, stack(0x00000002c3c00000,0x00000002c3d00000) (1024K)]
  0x0000011bff5db000 JavaThread "build event listener"              [_thread_blocked, id=34516, stack(0x00000002c3d00000,0x00000002c3e00000) (1024K)]
  0x0000011bff5da970 JavaThread "Unconstrained build operations Thread 48"        [_thread_blocked, id=7208, stack(0x00000002c3e00000,0x00000002c3f00000) (1024K)]
  0x0000011bff5d8f30 JavaThread "Unconstrained build operations Thread 49"        [_thread_blocked, id=15248, stack(0x00000002c3f00000,0x00000002c4000000) (1024K)]
  0x0000011c0cee6b30 JavaThread "build event listener"              [_thread_blocked, id=37872, stack(0x00000002c4000000,0x00000002c4100000) (1024K)]
  0x0000011c0cee64a0 JavaThread "Unconstrained build operations Thread 50"        [_thread_blocked, id=31064, stack(0x00000002c4100000,0x00000002c4200000) (1024K)]
  0x0000011c0cee4a60 JavaThread "Unconstrained build operations Thread 51"        [_thread_blocked, id=28128, stack(0x00000002c4200000,0x00000002c4300000) (1024K)]
  0x0000011c0cee5e10 JavaThread "build event listener"              [_thread_blocked, id=2420, stack(0x00000002c4300000,0x00000002c4400000) (1024K)]
  0x0000011c0be15b60 JavaThread "Unconstrained build operations Thread 52"        [_thread_blocked, id=6868, stack(0x00000002c4400000,0x00000002c4500000) (1024K)]
  0x0000011c0be16f10 JavaThread "build event listener"              [_thread_blocked, id=11664, stack(0x00000002c4500000,0x00000002c4600000) (1024K)]
  0x0000011c0be13a90 JavaThread "Unconstrained build operations Thread 53"        [_thread_blocked, id=16168, stack(0x00000002c4600000,0x00000002c4700000) (1024K)]
  0x0000011c0be119c0 JavaThread "Unconstrained build operations Thread 54"        [_thread_blocked, id=27536, stack(0x00000002c4700000,0x00000002c4800000) (1024K)]
  0x0000011c0be12050 JavaThread "build event listener"              [_thread_blocked, id=37240, stack(0x00000002c4800000,0x00000002c4900000) (1024K)]
  0x0000011c0be10610 JavaThread "Unconstrained build operations Thread 55"        [_thread_blocked, id=38412, stack(0x00000002c4900000,0x00000002c4a00000) (1024K)]
  0x0000011c0be11330 JavaThread "Unconstrained build operations Thread 56"        [_thread_blocked, id=32600, stack(0x00000002c4a00000,0x00000002c4b00000) (1024K)]
  0x0000011c0be0ebd0 JavaThread "build event listener"              [_thread_blocked, id=38552, stack(0x00000002c4b00000,0x00000002c4c00000) (1024K)]
  0x0000011c0be161f0 JavaThread "Unconstrained build operations Thread 57"        [_thread_blocked, id=35088, stack(0x00000002c4c00000,0x00000002c4d00000) (1024K)]
  0x0000011c0be147b0 JavaThread "Unconstrained build operations Thread 58"        [_thread_blocked, id=38472, stack(0x00000002c2f00000,0x00000002c3000000) (1024K)]
  0x0000011c0be12d70 JavaThread "Unconstrained build operations Thread 59"        [_thread_blocked, id=30536, stack(0x00000002c4d00000,0x00000002c4e00000) (1024K)]
  0x0000011c0be182c0 JavaThread "Unconstrained build operations Thread 60"        [_thread_blocked, id=1068, stack(0x00000002c4e00000,0x00000002c4f00000) (1024K)]
  0x0000011c0be14e40 JavaThread "Unconstrained build operations Thread 61"        [_thread_blocked, id=37108, stack(0x00000002c4f00000,0x00000002c5000000) (1024K)]
  0x0000011c0be175a0 JavaThread "Unconstrained build operations Thread 62"        [_thread_blocked, id=25164, stack(0x00000002c5000000,0x00000002c5100000) (1024K)]
  0x0000011c0be18fe0 JavaThread "Unconstrained build operations Thread 63"        [_thread_blocked, id=36124, stack(0x00000002c5100000,0x00000002c5200000) (1024K)]
  0x0000011c0be16880 JavaThread "Unconstrained build operations Thread 64"        [_thread_blocked, id=30432, stack(0x00000002c5200000,0x00000002c5300000) (1024K)]
  0x0000011c0be1a390 JavaThread "Unconstrained build operations Thread 65"        [_thread_blocked, id=29408, stack(0x00000002c5300000,0x00000002c5400000) (1024K)]
  0x0000011c0be17c30 JavaThread "Unconstrained build operations Thread 66"        [_thread_blocked, id=5044, stack(0x00000002c5400000,0x00000002c5500000) (1024K)]
  0x0000011c0d0e5eb0 JavaThread "ForkJoinPool.commonPool-worker-1" daemon [_thread_blocked, id=3576, stack(0x00000002c5600000,0x00000002c5700000) (1024K)]
  0x0000011c0d0e3de0 JavaThread "ForkJoinPool.commonPool-worker-2" daemon [_thread_blocked, id=12936, stack(0x00000002c5700000,0x00000002c5800000) (1024K)]
  0x0000011c0d0e4b00 JavaThread "ForkJoinPool.commonPool-worker-3" daemon [_thread_blocked, id=27904, stack(0x00000002c5800000,0x00000002c5900000) (1024K)]
  0x0000011c0d0e2a30 JavaThread "ForkJoinPool.commonPool-worker-4" daemon [_thread_blocked, id=40704, stack(0x00000002c5900000,0x00000002c5a00000) (1024K)]
  0x0000011c0d0e7f80 JavaThread "ForkJoinPool.commonPool-worker-5" daemon [_thread_blocked, id=31788, stack(0x00000002c5a00000,0x00000002c5b00000) (1024K)]
  0x0000011c0d0e8ca0 JavaThread "ForkJoinPool.commonPool-worker-6" daemon [_thread_blocked, id=42832, stack(0x00000002c5b00000,0x00000002c5c00000) (1024K)]
  0x0000011c0d0e99c0 JavaThread "ForkJoinPool.commonPool-worker-8" daemon [_thread_blocked, id=36744, stack(0x00000002c5c00000,0x00000002c5d00000) (1024K)]
  0x0000011c0d0e7260 JavaThread "ForkJoinPool.commonPool-worker-7" daemon [_thread_blocked, id=25108, stack(0x00000002c5d00000,0x00000002c5e00000) (1024K)]
  0x0000011c0d0e6540 JavaThread "ForkJoinPool.commonPool-worker-9" daemon [_thread_blocked, id=34112, stack(0x00000002c5e00000,0x00000002c5f00000) (1024K)]
  0x0000011c0d0e8610 JavaThread "ForkJoinPool.commonPool-worker-11" daemon [_thread_blocked, id=35524, stack(0x00000002c5f00000,0x00000002c6000000) (1024K)]
  0x0000011c0d0ea050 JavaThread "ForkJoinPool.commonPool-worker-10" daemon [_thread_blocked, id=37776, stack(0x00000002c6000000,0x00000002c6100000) (1024K)]
  0x0000011c0d0e78f0 JavaThread "Exec process"               daemon [_thread_blocked, id=12108, stack(0x00000002c6100000,0x00000002c6200000) (1024K)]
  0x0000011c0d0e9330 JavaThread "Exec process Thread 2"      daemon [_thread_blocked, id=34656, stack(0x00000002c6200000,0x00000002c6300000) (1024K)]
  0x0000011c0d0e6bd0 JavaThread "Exec process Thread 3"      daemon [_thread_blocked, id=30996, stack(0x00000002c6300000,0x00000002c6400000) (1024K)]
  0x0000011c0d0eb400 JavaThread "included builds"                   [_thread_blocked, id=37880, stack(0x00000002c5500000,0x00000002c5600000) (1024K)]
  0x0000011c0d0ea6e0 JavaThread "Execution worker"                  [_thread_blocked, id=42308, stack(0x00000002c6400000,0x00000002c6500000) (1024K)]
  0x0000011c0d0ec120 JavaThread "Execution worker Thread 2"         [_thread_blocked, id=33572, stack(0x00000002c6500000,0x00000002c6600000) (1024K)]
  0x0000011c0d0ec7b0 JavaThread "Execution worker Thread 3"         [_thread_blocked, id=31976, stack(0x00000002c6600000,0x00000002c6700000) (1024K)]
  0x0000011c0d0ee1f0 JavaThread "Execution worker Thread 4"         [_thread_blocked, id=29956, stack(0x00000002c6700000,0x00000002c6800000) (1024K)]
  0x0000011c0d0eba90 JavaThread "Execution worker Thread 5"         [_thread_blocked, id=37620, stack(0x00000002c6800000,0x00000002c6900000) (1024K)]
  0x0000011c0d0ece40 JavaThread "Execution worker Thread 6"         [_thread_blocked, id=29136, stack(0x00000002c6900000,0x00000002c6a00000) (1024K)]
  0x0000011c0d0ead70 JavaThread "Execution worker Thread 7"         [_thread_blocked, id=39060, stack(0x00000002c6a00000,0x00000002c6b00000) (1024K)]
  0x0000011c0d0ef5a0 JavaThread "Execution worker Thread 8"         [_thread_blocked, id=30504, stack(0x00000002c6b00000,0x00000002c6c00000) (1024K)]
  0x0000011c0d0ee880 JavaThread "Execution worker Thread 9"         [_thread_blocked, id=39732, stack(0x00000002c6c00000,0x00000002c6d00000) (1024K)]
  0x0000011c0d0eef10 JavaThread "Execution worker Thread 10"        [_thread_blocked, id=42396, stack(0x00000002c6d00000,0x00000002c6e00000) (1024K)]
  0x0000011c0d0efc30 JavaThread "Execution worker Thread 11"        [_thread_blocked, id=42664, stack(0x00000002c6e00000,0x00000002c6f00000) (1024K)]
  0x0000011c0d0f0950 JavaThread "Cache worker for execution history cache (C:\Users\yolki\IdeaProjects\Origins-Reborn-Enhanced\.gradle\9.2.1\executionHistory)"        [_thread_blocked, id=37528, stack(0x00000002c6f00000,0x00000002c7000000) (1024K)]
  0x0000011c0be0f8f0 JavaThread "Unconstrained build operations Thread 67"        [_thread_blocked, id=29812, stack(0x00000002c7100000,0x00000002c7200000) (1024K)]
  0x0000011c0be1b0b0 JavaThread "Unconstrained build operations Thread 68"        [_thread_blocked, id=41264, stack(0x00000002c7200000,0x00000002c7300000) (1024K)]
  0x0000011c0be1aa20 JavaThread "Unconstrained build operations Thread 69"        [_thread_blocked, id=7916, stack(0x00000002c7300000,0x00000002c7400000) (1024K)]
  0x0000011c0be18950 JavaThread "Unconstrained build operations Thread 71"        [_thread_blocked, id=42740, stack(0x00000002c7400000,0x00000002c7500000) (1024K)]
  0x0000011c0be1c460 JavaThread "Unconstrained build operations Thread 70"        [_thread_blocked, id=37584, stack(0x00000002c7500000,0x00000002c7600000) (1024K)]
  0x0000011c0be1b740 JavaThread "Unconstrained build operations Thread 72"        [_thread_blocked, id=27404, stack(0x00000002c7600000,0x00000002c7700000) (1024K)]
  0x0000011c0be1bdd0 JavaThread "Unconstrained build operations Thread 73"        [_thread_blocked, id=37952, stack(0x00000002c7700000,0x00000002c7800000) (1024K)]
  0x0000011c0be1caf0 JavaThread "Unconstrained build operations Thread 74"        [_thread_blocked, id=30276, stack(0x00000002c7800000,0x00000002c7900000) (1024K)]
  0x0000011c0be19670 JavaThread "Unconstrained build operations Thread 75"        [_thread_blocked, id=37980, stack(0x00000002c7900000,0x00000002c7a00000) (1024K)]
  0x0000011c0be1d180 JavaThread "Unconstrained build operations Thread 76"        [_thread_blocked, id=31584, stack(0x00000002c7a00000,0x00000002c7b00000) (1024K)]
  0x0000011c0be1d810 JavaThread "Unconstrained build operations Thread 77"        [_thread_blocked, id=28892, stack(0x00000002c7b00000,0x00000002c7c00000) (1024K)]
  0x0000011c0be1dea0 JavaThread "Unconstrained build operations Thread 78"        [_thread_blocked, id=42560, stack(0x00000002c7c00000,0x00000002c7d00000) (1024K)]
  0x0000011c0cedf510 JavaThread "Unconstrained build operations Thread 79"        [_thread_blocked, id=34072, stack(0x00000002c7d00000,0x00000002c7e00000) (1024K)]
  0x0000011c0cee8570 JavaThread "Unconstrained build operations Thread 80"        [_thread_blocked, id=35228, stack(0x00000002c7e00000,0x00000002c7f00000) (1024K)]
  0x0000011c0cee7850 JavaThread "Unconstrained build operations Thread 81"        [_thread_blocked, id=42592, stack(0x00000002c7f00000,0x00000002c8000000) (1024K)]
  0x0000011c0cee50f0 JavaThread "Unconstrained build operations Thread 82"        [_thread_blocked, id=41636, stack(0x00000002c8000000,0x00000002c8100000) (1024K)]
  0x0000011c0ceec080 JavaThread "Unconstrained build operations Thread 83"        [_thread_blocked, id=34544, stack(0x00000002c8100000,0x00000002c8200000) (1024K)]
  0x0000011c0ceea640 JavaThread "Unconstrained build operations Thread 84"        [_thread_blocked, id=33592, stack(0x00000002c8200000,0x00000002c8300000) (1024K)]
  0x0000011c0ceeb360 JavaThread "Unconstrained build operations Thread 85"        [_thread_blocked, id=32720, stack(0x00000002c8300000,0x00000002c8400000) (1024K)]
  0x0000011c0cee8c00 JavaThread "Unconstrained build operations Thread 86"        [_thread_blocked, id=6228, stack(0x00000002c8400000,0x00000002c8500000) (1024K)]
  0x0000011c0cee9290 JavaThread "Unconstrained build operations Thread 87"        [_thread_blocked, id=6784, stack(0x00000002c8500000,0x00000002c8600000) (1024K)]
  0x0000011c0cee9fb0 JavaThread "Unconstrained build operations Thread 88"        [_thread_blocked, id=42772, stack(0x00000002c8600000,0x00000002c8700000) (1024K)]
  0x0000011c0cee9920 JavaThread "Unconstrained build operations Thread 89"        [_thread_blocked, id=35764, stack(0x00000002c8700000,0x00000002c8800000) (1024K)]
  0x0000011c0d0e1d10 JavaThread "Unconstrained build operations Thread 90"        [_thread_blocked, id=26684, stack(0x00000002c8800000,0x00000002c8900000) (1024K)]
  0x0000011c0d0ed4d0 JavaThread "Unconstrained build operations Thread 91"        [_thread_blocked, id=37256, stack(0x00000002c8900000,0x00000002c8a00000) (1024K)]
  0x0000011c0d0f02c0 JavaThread "Unconstrained build operations Thread 92"        [_thread_blocked, id=35588, stack(0x00000002c8a00000,0x00000002c8b00000) (1024K)]
  0x0000011c0d0edb60 JavaThread "Unconstrained build operations Thread 93"        [_thread_blocked, id=38408, stack(0x00000002c8b00000,0x00000002c8c00000) (1024K)]
  0x0000011c0d0f0fe0 JavaThread "Unconstrained build operations Thread 94"        [_thread_blocked, id=29776, stack(0x00000002c8c00000,0x00000002c8d00000) (1024K)]
  0x0000011bf9e6ae70 JavaThread "Unconstrained build operations Thread 95"        [_thread_blocked, id=15860, stack(0x00000002c8d00000,0x00000002c8e00000) (1024K)]
  0x0000011bf9e6f010 JavaThread "Unconstrained build operations Thread 96"        [_thread_blocked, id=37260, stack(0x00000002c8e00000,0x00000002c8f00000) (1024K)]
  0x0000011bf9e6f6a0 JavaThread "Unconstrained build operations Thread 97"        [_thread_blocked, id=26100, stack(0x00000002c8f00000,0x00000002c9000000) (1024K)]
  0x0000011bf9e70a50 JavaThread "Unconstrained build operations Thread 98"        [_thread_blocked, id=32604, stack(0x00000002c9000000,0x00000002c9100000) (1024K)]
  0x0000011bff1d8e20 JavaThread "Unconstrained build operations Thread 99"        [_thread_blocked, id=39372, stack(0x00000002c9100000,0x00000002c9200000) (1024K)]
  0x0000011bff1dc930 JavaThread "Unconstrained build operations Thread 100"        [_thread_blocked, id=40996, stack(0x00000002c9200000,0x00000002c9300000) (1024K)]
  0x0000011bff1dcfc0 JavaThread "Unconstrained build operations Thread 101"        [_thread_blocked, id=30036, stack(0x00000002c9300000,0x00000002c9400000) (1024K)]
  0x0000011bff34fb40 JavaThread "Unconstrained build operations Thread 102"        [_thread_blocked, id=5264, stack(0x00000002c9400000,0x00000002c9500000) (1024K)]
  0x0000011bff34d3e0 JavaThread "Unconstrained build operations Thread 104"        [_thread_blocked, id=40880, stack(0x00000002c9500000,0x00000002c9600000) (1024K)]
  0x0000011bff34e100 JavaThread "Unconstrained build operations Thread 103"        [_thread_blocked, id=34684, stack(0x00000002c9600000,0x00000002c9700000) (1024K)]
  0x0000011bff34cd50 JavaThread "Unconstrained build operations Thread 105"        [_thread_blocked, id=42132, stack(0x00000002c9700000,0x00000002c9800000) (1024K)]
  0x0000011bff350860 JavaThread "Unconstrained build operations Thread 106"        [_thread_blocked, id=37112, stack(0x00000002c9800000,0x00000002c9900000) (1024K)]
  0x0000011bff350ef0 JavaThread "Unconstrained build operations Thread 107"        [_thread_blocked, id=12752, stack(0x00000002c9900000,0x00000002c9a00000) (1024K)]
  0x0000011bff34e790 JavaThread "Unconstrained build operations Thread 108"        [_thread_blocked, id=9984, stack(0x00000002c9a00000,0x00000002c9b00000) (1024K)]
  0x0000011bff3501d0 JavaThread "Unconstrained build operations Thread 109"        [_thread_blocked, id=27488, stack(0x00000002c9b00000,0x00000002c9c00000) (1024K)]
  0x0000011bff34f4b0 JavaThread "Unconstrained build operations Thread 110"        [_thread_blocked, id=42700, stack(0x00000002c9c00000,0x00000002c9d00000) (1024K)]
  0x0000011bff34da70 JavaThread "Unconstrained build operations Thread 111"        [_thread_blocked, id=29172, stack(0x00000002c9d00000,0x00000002c9e00000) (1024K)]
  0x0000011bff34ee20 JavaThread "Unconstrained build operations Thread 112"        [_thread_blocked, id=35984, stack(0x00000002c9e00000,0x00000002c9f00000) (1024K)]
  0x0000011bff354a00 JavaThread "Unconstrained build operations Thread 113"        [_thread_blocked, id=7748, stack(0x00000002c9f00000,0x00000002ca000000) (1024K)]
  0x0000011bff353650 JavaThread "Unconstrained build operations Thread 114"        [_thread_blocked, id=6616, stack(0x00000002ca000000,0x00000002ca100000) (1024K)]
  0x0000011bff351580 JavaThread "Unconstrained build operations Thread 115"        [_thread_blocked, id=33340, stack(0x00000002ca100000,0x00000002ca200000) (1024K)]
  0x0000011bff355090 JavaThread "Unconstrained build operations Thread 116"        [_thread_blocked, id=15416, stack(0x00000002ca200000,0x00000002ca300000) (1024K)]
  0x0000011bff353ce0 JavaThread "Unconstrained build operations Thread 117"        [_thread_blocked, id=30380, stack(0x00000002ca300000,0x00000002ca400000) (1024K)]
  0x0000011bff354370 JavaThread "Unconstrained build operations Thread 118"        [_thread_blocked, id=30392, stack(0x00000002ca400000,0x00000002ca500000) (1024K)]
  0x0000011bff351c10 JavaThread "Unconstrained build operations Thread 119"        [_thread_blocked, id=38672, stack(0x00000002ca500000,0x00000002ca600000) (1024K)]
  0x0000011bff355720 JavaThread "Unconstrained build operations Thread 120"        [_thread_blocked, id=32780, stack(0x00000002ca600000,0x00000002ca700000) (1024K)]
  0x0000011bff355db0 JavaThread "WorkerExecutor Queue"              [_thread_blocked, id=26496, stack(0x00000002ca700000,0x00000002ca800000) (1024K)]
  0x0000011bff352930 JavaThread "RMI Scheduler(0)"           daemon [_thread_blocked, id=34524, stack(0x00000002be300000,0x00000002be400000) (1024K)]
  0x0000011bff3598c0 JavaThread "RMI GC Daemon"              daemon [_thread_blocked, id=39376, stack(0x00000002ca800000,0x00000002ca900000) (1024K)]
  0x0000011bff357e80 JavaThread "RMI TCP Accept-0"           daemon [_thread_in_native, id=37216, stack(0x00000002ca900000,0x00000002caa00000) (1024K)]
  0x0000011bff358510 JavaThread "RMI Reaper"                        [_thread_blocked, id=31036, stack(0x00000002caa00000,0x00000002cab00000) (1024K)]
  0x0000011bff357160 JavaThread "RMI TCP Connection(1)-127.0.0.1" daemon [_thread_in_native, id=32460, stack(0x00000002cac00000,0x00000002cad00000) (1024K)]
Total: 200

Other Threads:
=>0x0000011bb25e0d90 VMThread "VM Thread"                           [id=39644, stack(0x00000002bd800000,0x00000002bd900000) (1024K)]
  0x0000011bb25cb990 WatcherThread "VM Periodic Task Thread"        [id=27844, stack(0x00000002bd700000,0x00000002bd800000) (1024K)]
  0x0000011b92d34700 WorkerThread "GC Thread#0"                     [id=41408, stack(0x00000002bd200000,0x00000002bd300000) (1024K)]
  0x0000011bb25e14f0 WorkerThread "GC Thread#1"                     [id=42804, stack(0x00000002be400000,0x00000002be500000) (1024K)]
  0x0000011bb25e1c50 WorkerThread "GC Thread#2"                     [id=18264, stack(0x00000002be500000,0x00000002be600000) (1024K)]
  0x0000011bb25e0280 WorkerThread "GC Thread#3"                     [id=13704, stack(0x00000002be600000,0x00000002be700000) (1024K)]
  0x0000011bb25e18a0 WorkerThread "GC Thread#4"                     [id=5984, stack(0x00000002be700000,0x00000002be800000) (1024K)]
  0x0000011bb25e0630 WorkerThread "GC Thread#5"                     [id=40940, stack(0x00000002be800000,0x00000002be900000) (1024K)]
  0x0000011bb25e09e0 WorkerThread "GC Thread#6"                     [id=29640, stack(0x00000002be900000,0x00000002bea00000) (1024K)]
  0x0000011bb2a18db0 WorkerThread "GC Thread#7"                     [id=1996, stack(0x00000002bea00000,0x00000002beb00000) (1024K)]
  0x0000011bb2a182a0 WorkerThread "GC Thread#8"                     [id=38548, stack(0x00000002beb00000,0x00000002bec00000) (1024K)]
  0x0000011bb2a19160 WorkerThread "GC Thread#9"                     [id=30744, stack(0x00000002bec00000,0x00000002bed00000) (1024K)]
  0x0000011b92d46480 ConcurrentGCThread "G1 Main Marker"            [id=8760, stack(0x00000002bd300000,0x00000002bd400000) (1024K)]
  0x0000011b92d47640 WorkerThread "G1 Conc#0"                       [id=320, stack(0x00000002bd400000,0x00000002bd500000) (1024K)]
  0x0000011bb2a198c0 WorkerThread "G1 Conc#1"                       [id=38568, stack(0x00000002bfb00000,0x00000002bfc00000) (1024K)]
  0x0000011bb2a1ab30 WorkerThread "G1 Conc#2"                       [id=27604, stack(0x00000002bfc00000,0x00000002bfd00000) (1024K)]
  0x0000011bb251d950 ConcurrentGCThread "G1 Refine#0"               [id=41152, stack(0x00000002bd500000,0x00000002bd600000) (1024K)]
  0x0000011bb251f290 ConcurrentGCThread "G1 Service"                [id=38936, stack(0x00000002bd600000,0x00000002bd700000) (1024K)]
Total: 18

Threads with active compile tasks:
C2 CompilerThread0    26747 29533 % !   4       java.util.jar.Attributes::read @ 12 (494 bytes)
Total: 1

VM state: at safepoint (normal execution)

VM Mutex/Monitor currently owned by a thread:  ([mutex/lock_event])
[0x00007fff17ff3948] Threads_lock - owner thread: 0x0000011bb25e0d90
[0x00007fff17ff3a48] Heap_lock - owner thread: 0x0000011c0d0ea6e0

Heap address: 0x0000000700000000, size: 4096 MB, Compressed Oops mode: Zero based, Oop shift amount: 3

CDS archive(s) mapped at: [0x0000011bb3000000-0x0000011bb3cf0000-0x0000011bb3cf0000), size 13565952, SharedBaseAddress: 0x0000011bb3000000, ArchiveRelocationMode: 1.
Compressed class space mapped at: 0x0000011bb4000000-0x0000011bf4000000, reserved size: 1073741824
Narrow klass base: 0x0000011bb3000000, Narrow klass shift: 0, Narrow klass range: 0x100000000

GC Precious Log:
 CardTable entry size: 512
 Card Set container configuration: InlinePtr #cards 4 size 8 Array Of Cards #cards 16 size 48 Howl #buckets 8 coarsen threshold 3686 Howl Bitmap #cards 512 size 80 coarsen threshold 460 Card regions per heap region 1 cards per card region 4096
 CPUs: 12 total, 12 available
 Memory: 32361M
 Large Page Support: Disabled
 NUMA Support: Disabled
 Compressed Oops: Enabled (Zero based)
 Heap Region Size: 2M
 Heap Min Capacity: 8M
 Heap Initial Capacity: 506M
 Heap Max Capacity: 4G
 Pre-touch: Disabled
 Parallel Workers: 10
 Concurrent Workers: 3
 Concurrent Refinement Workers: 10
 Periodic GC: Disabled

Heap:
 garbage-first heap   total 1107968K, used 171308K [0x0000000700000000, 0x0000000800000000)
  region size 2048K, 14 young (28672K), 14 survivors (28672K)
 Metaspace       used 164315K, committed 166848K, reserved 1245184K
  class space    used 20264K, committed 21568K, reserved 1048576K

Heap Regions: E=young(eden), S=young(survivor), O=old, HS=humongous(starts), HC=humongous(continues), CS=collection set, F=free, TAMS=top-at-mark-start, PB=parsable bottom
|   0|0x0000000700000000, 0x0000000700200000, 0x0000000700200000|100%|HS|  |TAMS 0x0000000700000000| PB 0x0000000700000000| Complete 
|   1|0x0000000700200000, 0x0000000700400000, 0x0000000700400000|100%|HC|  |TAMS 0x0000000700200000| PB 0x0000000700200000| Complete 
|   2|0x0000000700400000, 0x0000000700600000, 0x0000000700600000|100%| O|  |TAMS 0x0000000700400000| PB 0x0000000700400000| Untracked 
|   3|0x0000000700600000, 0x0000000700800000, 0x0000000700800000|100%| O|  |TAMS 0x0000000700600000| PB 0x0000000700600000| Untracked 
|   4|0x0000000700800000, 0x0000000700a00000, 0x0000000700a00000|100%| O|  |TAMS 0x0000000700800000| PB 0x0000000700800000| Untracked 
|   5|0x0000000700a00000, 0x0000000700c00000, 0x0000000700c00000|100%| O|  |TAMS 0x0000000700a00000| PB 0x0000000700a00000| Untracked 
|   6|0x0000000700c00000, 0x0000000700e00000, 0x0000000700e00000|100%| O|  |TAMS 0x0000000700c00000| PB 0x0000000700c00000| Untracked 
|   7|0x0000000700e00000, 0x0000000701000000, 0x0000000701000000|100%| O|  |TAMS 0x0000000700e00000| PB 0x0000000700e00000| Untracked 
|   8|0x0000000701000000, 0x0000000701200000, 0x0000000701200000|100%| O|  |TAMS 0x0000000701000000| PB 0x0000000701000000| Untracked 
|   9|0x0000000701200000, 0x0000000701400000, 0x0000000701400000|100%| O|  |TAMS 0x0000000701200000| PB 0x0000000701200000| Untracked 
|  10|0x0000000701400000, 0x0000000701600000, 0x0000000701600000|100%| O|  |TAMS 0x0000000701400000| PB 0x0000000701400000| Untracked 
|  11|0x0000000701600000, 0x0000000701800000, 0x0000000701800000|100%| O|  |TAMS 0x0000000701600000| PB 0x0000000701600000| Untracked 
|  12|0x0000000701800000, 0x0000000701a00000, 0x0000000701a00000|100%| O|  |TAMS 0x0000000701800000| PB 0x0000000701800000| Untracked 
|  13|0x0000000701a00000, 0x0000000701c00000, 0x0000000701c00000|100%| O|  |TAMS 0x0000000701a00000| PB 0x0000000701a00000| Untracked 
|  14|0x0000000701c00000, 0x0000000701e00000, 0x0000000701e00000|100%| O|  |TAMS 0x0000000701c00000| PB 0x0000000701c00000| Untracked 
|  15|0x0000000701e00000, 0x0000000702000000, 0x0000000702000000|100%| O|  |TAMS 0x0000000701e00000| PB 0x0000000701e00000| Untracked 
|  16|0x0000000702000000, 0x0000000702200000, 0x0000000702200000|100%| O|  |TAMS 0x0000000702000000| PB 0x0000000702000000| Untracked 
|  17|0x0000000702200000, 0x0000000702400000, 0x0000000702400000|100%| O|  |TAMS 0x0000000702200000| PB 0x0000000702200000| Untracked 
|  18|0x0000000702400000, 0x0000000702600000, 0x0000000702600000|100%| O|  |TAMS 0x0000000702400000| PB 0x0000000702400000| Untracked 
|  19|0x0000000702600000, 0x0000000702800000, 0x0000000702800000|100%| O|  |TAMS 0x0000000702600000| PB 0x0000000702600000| Untracked 
|  20|0x0000000702800000, 0x0000000702a00000, 0x0000000702a00000|100%| O|  |TAMS 0x0000000702800000| PB 0x0000000702800000| Untracked 
|  21|0x0000000702a00000, 0x0000000702c00000, 0x0000000702c00000|100%| O|  |TAMS 0x0000000702a00000| PB 0x0000000702a00000| Untracked 
|  22|0x0000000702c00000, 0x0000000702e00000, 0x0000000702e00000|100%| O|  |TAMS 0x0000000702c00000| PB 0x0000000702c00000| Untracked 
|  23|0x0000000702e00000, 0x0000000703000000, 0x0000000703000000|100%|HS|  |TAMS 0x0000000702e00000| PB 0x0000000702e00000| Complete 
|  24|0x0000000703000000, 0x0000000703200000, 0x0000000703200000|100%| O|  |TAMS 0x0000000703000000| PB 0x0000000703000000| Untracked 
|  25|0x0000000703200000, 0x0000000703400000, 0x0000000703400000|100%|HS|  |TAMS 0x0000000703200000| PB 0x0000000703200000| Complete 
|  26|0x0000000703400000, 0x0000000703600000, 0x0000000703600000|100%| O|  |TAMS 0x0000000703400000| PB 0x0000000703400000| Untracked 
|  27|0x0000000703600000, 0x0000000703800000, 0x0000000703800000|100%| O|  |TAMS 0x0000000703600000| PB 0x0000000703600000| Untracked 
|  28|0x0000000703800000, 0x0000000703a00000, 0x0000000703a00000|100%| O|  |TAMS 0x0000000703800000| PB 0x0000000703800000| Untracked 
|  29|0x0000000703a00000, 0x0000000703c00000, 0x0000000703c00000|100%| O|  |TAMS 0x0000000703a00000| PB 0x0000000703a00000| Untracked 
|  30|0x0000000703c00000, 0x0000000703e00000, 0x0000000703e00000|100%| O|  |TAMS 0x0000000703c00000| PB 0x0000000703c00000| Untracked 
|  31|0x0000000703e00000, 0x0000000704000000, 0x0000000704000000|100%| O|  |TAMS 0x0000000703e00000| PB 0x0000000703e00000| Untracked 
|  32|0x0000000704000000, 0x0000000704200000, 0x0000000704200000|100%| O|  |TAMS 0x0000000704000000| PB 0x0000000704000000| Untracked 
|  33|0x0000000704200000, 0x0000000704400000, 0x0000000704400000|100%|HS|  |TAMS 0x0000000704200000| PB 0x0000000704200000| Complete 
|  34|0x0000000704400000, 0x0000000704600000, 0x0000000704600000|100%| O|  |TAMS 0x0000000704400000| PB 0x0000000704400000| Untracked 
|  35|0x0000000704600000, 0x0000000704800000, 0x0000000704800000|100%| O|  |TAMS 0x0000000704600000| PB 0x0000000704600000| Untracked 
|  36|0x0000000704800000, 0x0000000704a00000, 0x0000000704a00000|100%| O|  |TAMS 0x0000000704800000| PB 0x0000000704800000| Untracked 
|  37|0x0000000704a00000, 0x0000000704c00000, 0x0000000704c00000|100%| O|  |TAMS 0x0000000704a00000| PB 0x0000000704a00000| Untracked 
|  38|0x0000000704c00000, 0x0000000704e00000, 0x0000000704e00000|100%| O|  |TAMS 0x0000000704c00000| PB 0x0000000704c00000| Untracked 
|  39|0x0000000704e00000, 0x0000000705000000, 0x0000000705000000|100%| O|  |TAMS 0x0000000704e00000| PB 0x0000000704e00000| Untracked 
|  40|0x0000000705000000, 0x0000000705200000, 0x0000000705200000|100%|HS|  |TAMS 0x0000000705000000| PB 0x0000000705000000| Complete 
|  41|0x0000000705200000, 0x0000000705400000, 0x0000000705400000|100%| O|  |TAMS 0x0000000705200000| PB 0x0000000705200000| Untracked 
|  42|0x0000000705400000, 0x0000000705600000, 0x0000000705600000|100%| O|  |TAMS 0x0000000705400000| PB 0x0000000705400000| Untracked 
|  43|0x0000000705600000, 0x0000000705800000, 0x0000000705800000|100%| O|  |TAMS 0x0000000705600000| PB 0x0000000705600000| Untracked 
|  44|0x0000000705800000, 0x0000000705a00000, 0x0000000705a00000|100%| O|  |TAMS 0x0000000705800000| PB 0x0000000705800000| Untracked 
|  45|0x0000000705a00000, 0x0000000705c00000, 0x0000000705c00000|100%| O|  |TAMS 0x0000000705a00000| PB 0x0000000705a00000| Untracked 
|  46|0x0000000705c00000, 0x0000000705e00000, 0x0000000705e00000|100%| O|  |TAMS 0x0000000705c00000| PB 0x0000000705c00000| Untracked 
|  47|0x0000000705e00000, 0x0000000706000000, 0x0000000706000000|100%| O|  |TAMS 0x0000000705e00000| PB 0x0000000705e00000| Untracked 
|  48|0x0000000706000000, 0x0000000706200000, 0x0000000706200000|100%| O|  |TAMS 0x0000000706000000| PB 0x0000000706000000| Untracked 
|  49|0x0000000706200000, 0x0000000706400000, 0x0000000706400000|100%| O|  |TAMS 0x0000000706200000| PB 0x0000000706200000| Untracked 
|  50|0x0000000706400000, 0x000000070657b5d0, 0x0000000706600000| 74%| O|  |TAMS 0x0000000706400000| PB 0x0000000706400000| Untracked 
|  51|0x0000000706600000, 0x0000000706800000, 0x0000000706800000|100%| O|  |TAMS 0x0000000706600000| PB 0x0000000706600000| Untracked 
|  52|0x0000000706800000, 0x0000000706800000, 0x0000000706a00000|  0%| F|  |TAMS 0x0000000706800000| PB 0x0000000706800000| Untracked 
|  53|0x0000000706a00000, 0x0000000706a00000, 0x0000000706c00000|  0%| F|  |TAMS 0x0000000706a00000| PB 0x0000000706a00000| Untracked 
|  54|0x0000000706c00000, 0x0000000706e00000, 0x0000000706e00000|100%| O|  |TAMS 0x0000000706c00000| PB 0x0000000706c00000| Untracked 
|  55|0x0000000706e00000, 0x0000000707000000, 0x0000000707000000|100%| O|  |TAMS 0x0000000706e00000| PB 0x0000000706e00000| Untracked 
|  56|0x0000000707000000, 0x0000000707200000, 0x0000000707200000|100%| O|  |TAMS 0x0000000707000000| PB 0x0000000707000000| Untracked 
|  57|0x0000000707200000, 0x0000000707400000, 0x0000000707400000|100%| O|  |TAMS 0x0000000707200000| PB 0x0000000707200000| Untracked 
|  58|0x0000000707400000, 0x0000000707600000, 0x0000000707600000|100%| O|  |TAMS 0x0000000707400000| PB 0x0000000707400000| Untracked 
|  59|0x0000000707600000, 0x0000000707800000, 0x0000000707800000|100%| O|  |TAMS 0x0000000707600000| PB 0x0000000707600000| Untracked 
|  60|0x0000000707800000, 0x0000000707a00000, 0x0000000707a00000|100%| O|  |TAMS 0x0000000707800000| PB 0x0000000707800000| Untracked 
|  61|0x0000000707a00000, 0x0000000707c00000, 0x0000000707c00000|100%| O|  |TAMS 0x0000000707a00000| PB 0x0000000707a00000| Untracked 
|  62|0x0000000707c00000, 0x0000000707e00000, 0x0000000707e00000|100%| O|  |TAMS 0x0000000707c00000| PB 0x0000000707c00000| Untracked 
|  63|0x0000000707e00000, 0x0000000707e00000, 0x0000000708000000|  0%| F|  |TAMS 0x0000000707e00000| PB 0x0000000707e00000| Untracked 
|  64|0x0000000708000000, 0x0000000708000000, 0x0000000708200000|  0%| F|  |TAMS 0x0000000708000000| PB 0x0000000708000000| Untracked 
|  65|0x0000000708200000, 0x0000000708200000, 0x0000000708400000|  0%| F|  |TAMS 0x0000000708200000| PB 0x0000000708200000| Untracked 
|  66|0x0000000708400000, 0x0000000708600000, 0x0000000708600000|100%| O|  |TAMS 0x0000000708400000| PB 0x0000000708400000| Untracked 
|  67|0x0000000708600000, 0x0000000708600000, 0x0000000708800000|  0%| F|  |TAMS 0x0000000708600000| PB 0x0000000708600000| Untracked 
|  68|0x0000000708800000, 0x0000000708800000, 0x0000000708a00000|  0%| F|  |TAMS 0x0000000708800000| PB 0x0000000708800000| Untracked 
|  69|0x0000000708a00000, 0x0000000708c00000, 0x0000000708c00000|100%| O|  |TAMS 0x0000000708a00000| PB 0x0000000708a00000| Untracked 
|  70|0x0000000708c00000, 0x0000000708c00000, 0x0000000708e00000|  0%| F|  |TAMS 0x0000000708c00000| PB 0x0000000708c00000| Untracked 
|  71|0x0000000708e00000, 0x0000000709000000, 0x0000000709000000|100%| O|  |TAMS 0x0000000708e00000| PB 0x0000000708e00000| Untracked 
|  72|0x0000000709000000, 0x0000000709000000, 0x0000000709200000|  0%| F|  |TAMS 0x0000000709000000| PB 0x0000000709000000| Untracked 
|  73|0x0000000709200000, 0x0000000709200000, 0x0000000709400000|  0%| F|  |TAMS 0x0000000709200000| PB 0x0000000709200000| Untracked 
|  74|0x0000000709400000, 0x0000000709600000, 0x0000000709600000|100%| O|  |TAMS 0x0000000709400000| PB 0x0000000709400000| Untracked 
|  75|0x0000000709600000, 0x0000000709800000, 0x0000000709800000|100%|HS|  |TAMS 0x0000000709600000| PB 0x0000000709600000| Complete 
|  76|0x0000000709800000, 0x0000000709a00000, 0x0000000709a00000|100%|HC|  |TAMS 0x0000000709800000| PB 0x0000000709800000| Complete 
|  77|0x0000000709a00000, 0x0000000709c00000, 0x0000000709c00000|100%| O|  |TAMS 0x0000000709a00000| PB 0x0000000709a00000| Untracked 
|  78|0x0000000709c00000, 0x0000000709c00000, 0x0000000709e00000|  0%| F|  |TAMS 0x0000000709c00000| PB 0x0000000709c00000| Untracked 
|  79|0x0000000709e00000, 0x0000000709e00000, 0x000000070a000000|  0%| F|  |TAMS 0x0000000709e00000| PB 0x0000000709e00000| Untracked 
|  80|0x000000070a000000, 0x000000070a000000, 0x000000070a200000|  0%| F|  |TAMS 0x000000070a000000| PB 0x000000070a000000| Untracked 
|  81|0x000000070a200000, 0x000000070a200000, 0x000000070a400000|  0%| F|  |TAMS 0x000000070a200000| PB 0x000000070a200000| Untracked 
|  82|0x000000070a400000, 0x000000070a400000, 0x000000070a600000|  0%| F|  |TAMS 0x000000070a400000| PB 0x000000070a400000| Untracked 
|  83|0x000000070a600000, 0x000000070a800000, 0x000000070a800000|100%| O|  |TAMS 0x000000070a600000| PB 0x000000070a600000| Untracked 
|  84|0x000000070a800000, 0x000000070aa00000, 0x000000070aa00000|100%| O|  |TAMS 0x000000070a800000| PB 0x000000070a800000| Untracked 
|  85|0x000000070aa00000, 0x000000070aa00000, 0x000000070ac00000|  0%| F|  |TAMS 0x000000070aa00000| PB 0x000000070aa00000| Untracked 
|  86|0x000000070ac00000, 0x000000070ac00000, 0x000000070ae00000|  0%| F|  |TAMS 0x000000070ac00000| PB 0x000000070ac00000| Untracked 
|  87|0x000000070ae00000, 0x000000070ae00000, 0x000000070b000000|  0%| F|  |TAMS 0x000000070ae00000| PB 0x000000070ae00000| Untracked 
|  88|0x000000070b000000, 0x000000070b000000, 0x000000070b200000|  0%| F|  |TAMS 0x000000070b000000| PB 0x000000070b000000| Untracked 
|  89|0x000000070b200000, 0x000000070b200000, 0x000000070b400000|  0%| F|  |TAMS 0x000000070b200000| PB 0x000000070b200000| Untracked 
|  90|0x000000070b400000, 0x000000070b400000, 0x000000070b600000|  0%| F|  |TAMS 0x000000070b400000| PB 0x000000070b400000| Untracked 
|  91|0x000000070b600000, 0x000000070b600000, 0x000000070b800000|  0%| F|  |TAMS 0x000000070b600000| PB 0x000000070b600000| Untracked 
|  92|0x000000070b800000, 0x000000070b800000, 0x000000070ba00000|  0%| F|  |TAMS 0x000000070b800000| PB 0x000000070b800000| Untracked 
|  93|0x000000070ba00000, 0x000000070ba00000, 0x000000070bc00000|  0%| F|  |TAMS 0x000000070ba00000| PB 0x000000070ba00000| Untracked 
|  94|0x000000070bc00000, 0x000000070bc00000, 0x000000070be00000|  0%| F|  |TAMS 0x000000070bc00000| PB 0x000000070bc00000| Untracked 
|  95|0x000000070be00000, 0x000000070be00000, 0x000000070c000000|  0%| F|  |TAMS 0x000000070be00000| PB 0x000000070be00000| Untracked 
|  96|0x000000070c000000, 0x000000070c000000, 0x000000070c200000|  0%| F|  |TAMS 0x000000070c000000| PB 0x000000070c000000| Untracked 
|  97|0x000000070c200000, 0x000000070c200000, 0x000000070c400000|  0%| F|  |TAMS 0x000000070c200000| PB 0x000000070c200000| Untracked 
|  98|0x000000070c400000, 0x000000070c400000, 0x000000070c600000|  0%| F|  |TAMS 0x000000070c400000| PB 0x000000070c400000| Untracked 
|  99|0x000000070c600000, 0x000000070c600000, 0x000000070c800000|  0%| F|  |TAMS 0x000000070c600000| PB 0x000000070c600000| Untracked 
| 100|0x000000070c800000, 0x000000070c800000, 0x000000070ca00000|  0%| F|  |TAMS 0x000000070c800000| PB 0x000000070c800000| Untracked 
| 101|0x000000070ca00000, 0x000000070ca00000, 0x000000070cc00000|  0%| F|  |TAMS 0x000000070ca00000| PB 0x000000070ca00000| Untracked 
| 102|0x000000070cc00000, 0x000000070cc00000, 0x000000070ce00000|  0%| F|  |TAMS 0x000000070cc00000| PB 0x000000070cc00000| Untracked 
| 103|0x000000070ce00000, 0x000000070ce00000, 0x000000070d000000|  0%| F|  |TAMS 0x000000070ce00000| PB 0x000000070ce00000| Untracked 
| 104|0x000000070d000000, 0x000000070d000000, 0x000000070d200000|  0%| F|  |TAMS 0x000000070d000000| PB 0x000000070d000000| Untracked 
| 105|0x000000070d200000, 0x000000070d200000, 0x000000070d400000|  0%| F|  |TAMS 0x000000070d200000| PB 0x000000070d200000| Untracked 
| 106|0x000000070d400000, 0x000000070d400000, 0x000000070d600000|  0%| F|  |TAMS 0x000000070d400000| PB 0x000000070d400000| Untracked 
| 107|0x000000070d600000, 0x000000070d600000, 0x000000070d800000|  0%| F|  |TAMS 0x000000070d600000| PB 0x000000070d600000| Untracked 
| 108|0x000000070d800000, 0x000000070d800000, 0x000000070da00000|  0%| F|  |TAMS 0x000000070d800000| PB 0x000000070d800000| Untracked 
| 109|0x000000070da00000, 0x000000070da00000, 0x000000070dc00000|  0%| F|  |TAMS 0x000000070da00000| PB 0x000000070da00000| Untracked 
| 110|0x000000070dc00000, 0x000000070dc00000, 0x000000070de00000|  0%| F|  |TAMS 0x000000070dc00000| PB 0x000000070dc00000| Untracked 
| 111|0x000000070de00000, 0x000000070de00000, 0x000000070e000000|  0%| F|  |TAMS 0x000000070de00000| PB 0x000000070de00000| Untracked 
| 112|0x000000070e000000, 0x000000070e000000, 0x000000070e200000|  0%| F|  |TAMS 0x000000070e000000| PB 0x000000070e000000| Untracked 
| 113|0x000000070e200000, 0x000000070e200000, 0x000000070e400000|  0%| F|  |TAMS 0x000000070e200000| PB 0x000000070e200000| Untracked 
| 114|0x000000070e400000, 0x000000070e400000, 0x000000070e600000|  0%| F|  |TAMS 0x000000070e400000| PB 0x000000070e400000| Untracked 
| 115|0x000000070e600000, 0x000000070e600000, 0x000000070e800000|  0%| F|  |TAMS 0x000000070e600000| PB 0x000000070e600000| Untracked 
| 116|0x000000070e800000, 0x000000070e800000, 0x000000070ea00000|  0%| F|  |TAMS 0x000000070e800000| PB 0x000000070e800000| Untracked 
| 117|0x000000070ea00000, 0x000000070ea00000, 0x000000070ec00000|  0%| F|  |TAMS 0x000000070ea00000| PB 0x000000070ea00000| Untracked 
| 118|0x000000070ec00000, 0x000000070ec00000, 0x000000070ee00000|  0%| F|  |TAMS 0x000000070ec00000| PB 0x000000070ec00000| Untracked 
| 119|0x000000070ee00000, 0x000000070ee00000, 0x000000070f000000|  0%| F|  |TAMS 0x000000070ee00000| PB 0x000000070ee00000| Untracked 
| 120|0x000000070f000000, 0x000000070f000000, 0x000000070f200000|  0%| F|  |TAMS 0x000000070f000000| PB 0x000000070f000000| Untracked 
| 121|0x000000070f200000, 0x000000070f200000, 0x000000070f400000|  0%| F|  |TAMS 0x000000070f200000| PB 0x000000070f200000| Untracked 
| 122|0x000000070f400000, 0x000000070f400000, 0x000000070f600000|  0%| F|  |TAMS 0x000000070f400000| PB 0x000000070f400000| Untracked 
| 123|0x000000070f600000, 0x000000070f600000, 0x000000070f800000|  0%| F|  |TAMS 0x000000070f600000| PB 0x000000070f600000| Untracked 
| 124|0x000000070f800000, 0x000000070f800000, 0x000000070fa00000|  0%| F|  |TAMS 0x000000070f800000| PB 0x000000070f800000| Untracked 
| 125|0x000000070fa00000, 0x000000070fa00000, 0x000000070fc00000|  0%| F|  |TAMS 0x000000070fa00000| PB 0x000000070fa00000| Untracked 
| 126|0x000000070fc00000, 0x000000070fc00000, 0x000000070fe00000|  0%| F|  |TAMS 0x000000070fc00000| PB 0x000000070fc00000| Untracked 
| 127|0x000000070fe00000, 0x000000070fe00000, 0x0000000710000000|  0%| F|  |TAMS 0x000000070fe00000| PB 0x000000070fe00000| Untracked 
| 128|0x0000000710000000, 0x0000000710000000, 0x0000000710200000|  0%| F|  |TAMS 0x0000000710000000| PB 0x0000000710000000| Untracked 
| 129|0x0000000710200000, 0x0000000710200000, 0x0000000710400000|  0%| F|  |TAMS 0x0000000710200000| PB 0x0000000710200000| Untracked 
| 130|0x0000000710400000, 0x0000000710400000, 0x0000000710600000|  0%| F|  |TAMS 0x0000000710400000| PB 0x0000000710400000| Untracked 
| 131|0x0000000710600000, 0x0000000710600000, 0x0000000710800000|  0%| F|  |TAMS 0x0000000710600000| PB 0x0000000710600000| Untracked 
| 132|0x0000000710800000, 0x0000000710800000, 0x0000000710a00000|  0%| F|  |TAMS 0x0000000710800000| PB 0x0000000710800000| Untracked 
| 133|0x0000000710a00000, 0x0000000710a00000, 0x0000000710c00000|  0%| F|  |TAMS 0x0000000710a00000| PB 0x0000000710a00000| Untracked 
| 134|0x0000000710c00000, 0x0000000710c00000, 0x0000000710e00000|  0%| F|  |TAMS 0x0000000710c00000| PB 0x0000000710c00000| Untracked 
| 135|0x0000000710e00000, 0x0000000710e00000, 0x0000000711000000|  0%| F|  |TAMS 0x0000000710e00000| PB 0x0000000710e00000| Untracked 
| 136|0x0000000711000000, 0x0000000711000000, 0x0000000711200000|  0%| F|  |TAMS 0x0000000711000000| PB 0x0000000711000000| Untracked 
| 137|0x0000000711200000, 0x0000000711200000, 0x0000000711400000|  0%| F|  |TAMS 0x0000000711200000| PB 0x0000000711200000| Untracked 
| 138|0x0000000711400000, 0x0000000711400000, 0x0000000711600000|  0%| F|  |TAMS 0x0000000711400000| PB 0x0000000711400000| Untracked 
| 139|0x0000000711600000, 0x0000000711600000, 0x0000000711800000|  0%| F|  |TAMS 0x0000000711600000| PB 0x0000000711600000| Untracked 
| 140|0x0000000711800000, 0x0000000711800000, 0x0000000711a00000|  0%| F|  |TAMS 0x0000000711800000| PB 0x0000000711800000| Untracked 
| 141|0x0000000711a00000, 0x0000000711a00000, 0x0000000711c00000|  0%| F|  |TAMS 0x0000000711a00000| PB 0x0000000711a00000| Untracked 
| 142|0x0000000711c00000, 0x0000000711c00000, 0x0000000711e00000|  0%| F|  |TAMS 0x0000000711c00000| PB 0x0000000711c00000| Untracked 
| 143|0x0000000711e00000, 0x0000000711e00000, 0x0000000712000000|  0%| F|  |TAMS 0x0000000711e00000| PB 0x0000000711e00000| Untracked 
| 144|0x0000000712000000, 0x0000000712000000, 0x0000000712200000|  0%| F|  |TAMS 0x0000000712000000| PB 0x0000000712000000| Untracked 
| 145|0x0000000712200000, 0x0000000712200000, 0x0000000712400000|  0%| F|  |TAMS 0x0000000712200000| PB 0x0000000712200000| Untracked 
| 146|0x0000000712400000, 0x0000000712400000, 0x0000000712600000|  0%| F|  |TAMS 0x0000000712400000| PB 0x0000000712400000| Untracked 
| 147|0x0000000712600000, 0x0000000712600000, 0x0000000712800000|  0%| F|  |TAMS 0x0000000712600000| PB 0x0000000712600000| Untracked 
| 148|0x0000000712800000, 0x0000000712800000, 0x0000000712a00000|  0%| F|  |TAMS 0x0000000712800000| PB 0x0000000712800000| Untracked 
| 149|0x0000000712a00000, 0x0000000712a00000, 0x0000000712c00000|  0%| F|  |TAMS 0x0000000712a00000| PB 0x0000000712a00000| Untracked 
| 150|0x0000000712c00000, 0x0000000712c00000, 0x0000000712e00000|  0%| F|  |TAMS 0x0000000712c00000| PB 0x0000000712c00000| Untracked 
| 151|0x0000000712e00000, 0x0000000712e00000, 0x0000000713000000|  0%| F|  |TAMS 0x0000000712e00000| PB 0x0000000712e00000| Untracked 
| 152|0x0000000713000000, 0x0000000713000000, 0x0000000713200000|  0%| F|  |TAMS 0x0000000713000000| PB 0x0000000713000000| Untracked 
| 153|0x0000000713200000, 0x0000000713200000, 0x0000000713400000|  0%| F|  |TAMS 0x0000000713200000| PB 0x0000000713200000| Untracked 
| 154|0x0000000713400000, 0x0000000713400000, 0x0000000713600000|  0%| F|  |TAMS 0x0000000713400000| PB 0x0000000713400000| Untracked 
| 155|0x0000000713600000, 0x0000000713600000, 0x0000000713800000|  0%| F|  |TAMS 0x0000000713600000| PB 0x0000000713600000| Untracked 
| 156|0x0000000713800000, 0x0000000713800000, 0x0000000713a00000|  0%| F|  |TAMS 0x0000000713800000| PB 0x0000000713800000| Untracked 
| 157|0x0000000713a00000, 0x0000000713a00000, 0x0000000713c00000|  0%| F|  |TAMS 0x0000000713a00000| PB 0x0000000713a00000| Untracked 
| 158|0x0000000713c00000, 0x0000000713c00000, 0x0000000713e00000|  0%| F|  |TAMS 0x0000000713c00000| PB 0x0000000713c00000| Untracked 
| 159|0x0000000713e00000, 0x0000000713e00000, 0x0000000714000000|  0%| F|  |TAMS 0x0000000713e00000| PB 0x0000000713e00000| Untracked 
| 160|0x0000000714000000, 0x0000000714000000, 0x0000000714200000|  0%| F|  |TAMS 0x0000000714000000| PB 0x0000000714000000| Untracked 
| 161|0x0000000714200000, 0x0000000714200000, 0x0000000714400000|  0%| F|  |TAMS 0x0000000714200000| PB 0x0000000714200000| Untracked 
| 162|0x0000000714400000, 0x0000000714400000, 0x0000000714600000|  0%| F|  |TAMS 0x0000000714400000| PB 0x0000000714400000| Untracked 
| 163|0x0000000714600000, 0x0000000714600000, 0x0000000714800000|  0%| F|  |TAMS 0x0000000714600000| PB 0x0000000714600000| Untracked 
| 164|0x0000000714800000, 0x0000000714800000, 0x0000000714a00000|  0%| F|  |TAMS 0x0000000714800000| PB 0x0000000714800000| Untracked 
| 165|0x0000000714a00000, 0x0000000714a00000, 0x0000000714c00000|  0%| F|  |TAMS 0x0000000714a00000| PB 0x0000000714a00000| Untracked 
| 166|0x0000000714c00000, 0x0000000714c00000, 0x0000000714e00000|  0%| F|  |TAMS 0x0000000714c00000| PB 0x0000000714c00000| Untracked 
| 167|0x0000000714e00000, 0x0000000714e00000, 0x0000000715000000|  0%| F|  |TAMS 0x0000000714e00000| PB 0x0000000714e00000| Untracked 
| 168|0x0000000715000000, 0x0000000715000000, 0x0000000715200000|  0%| F|  |TAMS 0x0000000715000000| PB 0x0000000715000000| Untracked 
| 169|0x0000000715200000, 0x0000000715200000, 0x0000000715400000|  0%| F|  |TAMS 0x0000000715200000| PB 0x0000000715200000| Untracked 
| 170|0x0000000715400000, 0x0000000715400000, 0x0000000715600000|  0%| F|  |TAMS 0x0000000715400000| PB 0x0000000715400000| Untracked 
| 171|0x0000000715600000, 0x0000000715600000, 0x0000000715800000|  0%| F|  |TAMS 0x0000000715600000| PB 0x0000000715600000| Untracked 
| 172|0x0000000715800000, 0x0000000715800000, 0x0000000715a00000|  0%| F|  |TAMS 0x0000000715800000| PB 0x0000000715800000| Untracked 
| 173|0x0000000715a00000, 0x0000000715a00000, 0x0000000715c00000|  0%| F|  |TAMS 0x0000000715a00000| PB 0x0000000715a00000| Untracked 
| 174|0x0000000715c00000, 0x0000000715c00000, 0x0000000715e00000|  0%| F|  |TAMS 0x0000000715c00000| PB 0x0000000715c00000| Untracked 
| 175|0x0000000715e00000, 0x0000000715e00000, 0x0000000716000000|  0%| F|  |TAMS 0x0000000715e00000| PB 0x0000000715e00000| Untracked 
| 176|0x0000000716000000, 0x0000000716000000, 0x0000000716200000|  0%| F|  |TAMS 0x0000000716000000| PB 0x0000000716000000| Untracked 
| 177|0x0000000716200000, 0x0000000716200000, 0x0000000716400000|  0%| F|  |TAMS 0x0000000716200000| PB 0x0000000716200000| Untracked 
| 178|0x0000000716400000, 0x0000000716400000, 0x0000000716600000|  0%| F|  |TAMS 0x0000000716400000| PB 0x0000000716400000| Untracked 
| 179|0x0000000716600000, 0x0000000716600000, 0x0000000716800000|  0%| F|  |TAMS 0x0000000716600000| PB 0x0000000716600000| Untracked 
| 180|0x0000000716800000, 0x0000000716800000, 0x0000000716a00000|  0%| F|  |TAMS 0x0000000716800000| PB 0x0000000716800000| Untracked 
| 181|0x0000000716a00000, 0x0000000716a00000, 0x0000000716c00000|  0%| F|  |TAMS 0x0000000716a00000| PB 0x0000000716a00000| Untracked 
| 182|0x0000000716c00000, 0x0000000716c00000, 0x0000000716e00000|  0%| F|  |TAMS 0x0000000716c00000| PB 0x0000000716c00000| Untracked 
| 183|0x0000000716e00000, 0x0000000716e00000, 0x0000000717000000|  0%| F|  |TAMS 0x0000000716e00000| PB 0x0000000716e00000| Untracked 
| 184|0x0000000717000000, 0x0000000717000000, 0x0000000717200000|  0%| F|  |TAMS 0x0000000717000000| PB 0x0000000717000000| Untracked 
| 185|0x0000000717200000, 0x0000000717200000, 0x0000000717400000|  0%| F|  |TAMS 0x0000000717200000| PB 0x0000000717200000| Untracked 
| 186|0x0000000717400000, 0x0000000717400000, 0x0000000717600000|  0%| F|  |TAMS 0x0000000717400000| PB 0x0000000717400000| Untracked 
| 187|0x0000000717600000, 0x0000000717600000, 0x0000000717800000|  0%| F|  |TAMS 0x0000000717600000| PB 0x0000000717600000| Untracked 
| 188|0x0000000717800000, 0x0000000717800000, 0x0000000717a00000|  0%| F|  |TAMS 0x0000000717800000| PB 0x0000000717800000| Untracked 
| 189|0x0000000717a00000, 0x0000000717a00000, 0x0000000717c00000|  0%| F|  |TAMS 0x0000000717a00000| PB 0x0000000717a00000| Untracked 
| 190|0x0000000717c00000, 0x0000000717c00000, 0x0000000717e00000|  0%| F|  |TAMS 0x0000000717c00000| PB 0x0000000717c00000| Untracked 
| 191|0x0000000717e00000, 0x0000000717e00000, 0x0000000718000000|  0%| F|  |TAMS 0x0000000717e00000| PB 0x0000000717e00000| Untracked 
| 192|0x0000000718000000, 0x0000000718000000, 0x0000000718200000|  0%| F|  |TAMS 0x0000000718000000| PB 0x0000000718000000| Untracked 
| 193|0x0000000718200000, 0x0000000718200000, 0x0000000718400000|  0%| F|  |TAMS 0x0000000718200000| PB 0x0000000718200000| Untracked 
| 194|0x0000000718400000, 0x0000000718400000, 0x0000000718600000|  0%| F|  |TAMS 0x0000000718400000| PB 0x0000000718400000| Untracked 
| 195|0x0000000718600000, 0x0000000718600000, 0x0000000718800000|  0%| F|  |TAMS 0x0000000718600000| PB 0x0000000718600000| Untracked 
| 196|0x0000000718800000, 0x0000000718800000, 0x0000000718a00000|  0%| F|  |TAMS 0x0000000718800000| PB 0x0000000718800000| Untracked 
| 197|0x0000000718a00000, 0x0000000718a00000, 0x0000000718c00000|  0%| F|  |TAMS 0x0000000718a00000| PB 0x0000000718a00000| Untracked 
| 198|0x0000000718c00000, 0x0000000718c00000, 0x0000000718e00000|  0%| F|  |TAMS 0x0000000718c00000| PB 0x0000000718c00000| Untracked 
| 199|0x0000000718e00000, 0x0000000718e00000, 0x0000000719000000|  0%| F|  |TAMS 0x0000000718e00000| PB 0x0000000718e00000| Untracked 
| 200|0x0000000719000000, 0x0000000719000000, 0x0000000719200000|  0%| F|  |TAMS 0x0000000719000000| PB 0x0000000719000000| Untracked 
| 201|0x0000000719200000, 0x0000000719200000, 0x0000000719400000|  0%| F|  |TAMS 0x0000000719200000| PB 0x0000000719200000| Untracked 
| 202|0x0000000719400000, 0x0000000719400000, 0x0000000719600000|  0%| F|  |TAMS 0x0000000719400000| PB 0x0000000719400000| Untracked 
| 203|0x0000000719600000, 0x0000000719600000, 0x0000000719800000|  0%| F|  |TAMS 0x0000000719600000| PB 0x0000000719600000| Untracked 
| 204|0x0000000719800000, 0x0000000719800000, 0x0000000719a00000|  0%| F|  |TAMS 0x0000000719800000| PB 0x0000000719800000| Untracked 
| 205|0x0000000719a00000, 0x0000000719a00000, 0x0000000719c00000|  0%| F|  |TAMS 0x0000000719a00000| PB 0x0000000719a00000| Untracked 
| 206|0x0000000719c00000, 0x0000000719dcfe20, 0x0000000719e00000| 90%| S|CS|TAMS 0x0000000719c00000| PB 0x0000000719c00000| Complete 
| 207|0x0000000719e00000, 0x000000071a000000, 0x000000071a000000|100%| S|CS|TAMS 0x0000000719e00000| PB 0x0000000719e00000| Complete 
| 208|0x000000071a000000, 0x000000071a200000, 0x000000071a200000|100%| S|CS|TAMS 0x000000071a000000| PB 0x000000071a000000| Complete 
| 209|0x000000071a200000, 0x000000071a400000, 0x000000071a400000|100%| S|CS|TAMS 0x000000071a200000| PB 0x000000071a200000| Complete 
| 210|0x000000071a400000, 0x000000071a600000, 0x000000071a600000|100%| S|CS|TAMS 0x000000071a400000| PB 0x000000071a400000| Complete 
| 211|0x000000071a600000, 0x000000071a600000, 0x000000071a800000|  0%| F|  |TAMS 0x000000071a600000| PB 0x000000071a600000| Untracked 
| 212|0x000000071a800000, 0x000000071a800000, 0x000000071aa00000|  0%| F|  |TAMS 0x000000071a800000| PB 0x000000071a800000| Untracked 
| 213|0x000000071aa00000, 0x000000071aa00000, 0x000000071ac00000|  0%| F|  |TAMS 0x000000071aa00000| PB 0x000000071aa00000| Untracked 
| 214|0x000000071ac00000, 0x000000071ac00000, 0x000000071ae00000|  0%| F|  |TAMS 0x000000071ac00000| PB 0x000000071ac00000| Untracked 
| 215|0x000000071ae00000, 0x000000071ae00000, 0x000000071b000000|  0%| F|  |TAMS 0x000000071ae00000| PB 0x000000071ae00000| Untracked 
| 216|0x000000071b000000, 0x000000071b000000, 0x000000071b200000|  0%| F|  |TAMS 0x000000071b000000| PB 0x000000071b000000| Untracked 
| 217|0x000000071b200000, 0x000000071b200000, 0x000000071b400000|  0%| F|  |TAMS 0x000000071b200000| PB 0x000000071b200000| Untracked 
| 218|0x000000071b400000, 0x000000071b400000, 0x000000071b600000|  0%| F|  |TAMS 0x000000071b400000| PB 0x000000071b400000| Untracked 
| 219|0x000000071b600000, 0x000000071b600000, 0x000000071b800000|  0%| F|  |TAMS 0x000000071b600000| PB 0x000000071b600000| Untracked 
| 220|0x000000071b800000, 0x000000071b800000, 0x000000071ba00000|  0%| F|  |TAMS 0x000000071b800000| PB 0x000000071b800000| Untracked 
| 221|0x000000071ba00000, 0x000000071ba00000, 0x000000071bc00000|  0%| F|  |TAMS 0x000000071ba00000| PB 0x000000071ba00000| Untracked 
| 222|0x000000071bc00000, 0x000000071bc00000, 0x000000071be00000|  0%| F|  |TAMS 0x000000071bc00000| PB 0x000000071bc00000| Untracked 
| 223|0x000000071be00000, 0x000000071be00000, 0x000000071c000000|  0%| F|  |TAMS 0x000000071be00000| PB 0x000000071be00000| Untracked 
| 224|0x000000071c000000, 0x000000071c000000, 0x000000071c200000|  0%| F|  |TAMS 0x000000071c000000| PB 0x000000071c000000| Untracked 
| 225|0x000000071c200000, 0x000000071c200000, 0x000000071c400000|  0%| F|  |TAMS 0x000000071c200000| PB 0x000000071c200000| Untracked 
| 226|0x000000071c400000, 0x000000071c400000, 0x000000071c600000|  0%| F|  |TAMS 0x000000071c400000| PB 0x000000071c400000| Untracked 
| 227|0x000000071c600000, 0x000000071c600000, 0x000000071c800000|  0%| F|  |TAMS 0x000000071c600000| PB 0x000000071c600000| Untracked 
| 228|0x000000071c800000, 0x000000071c800000, 0x000000071ca00000|  0%| F|  |TAMS 0x000000071c800000| PB 0x000000071c800000| Untracked 
| 229|0x000000071ca00000, 0x000000071ca00000, 0x000000071cc00000|  0%| F|  |TAMS 0x000000071ca00000| PB 0x000000071ca00000| Untracked 
| 230|0x000000071cc00000, 0x000000071cc00000, 0x000000071ce00000|  0%| F|  |TAMS 0x000000071cc00000| PB 0x000000071cc00000| Untracked 
| 231|0x000000071ce00000, 0x000000071ce00000, 0x000000071d000000|  0%| F|  |TAMS 0x000000071ce00000| PB 0x000000071ce00000| Untracked 
| 232|0x000000071d000000, 0x000000071d000000, 0x000000071d200000|  0%| F|  |TAMS 0x000000071d000000| PB 0x000000071d000000| Untracked 
| 233|0x000000071d200000, 0x000000071d200000, 0x000000071d400000|  0%| F|  |TAMS 0x000000071d200000| PB 0x000000071d200000| Untracked 
| 234|0x000000071d400000, 0x000000071d600000, 0x000000071d600000|100%| S|CS|TAMS 0x000000071d400000| PB 0x000000071d400000| Complete 
| 235|0x000000071d600000, 0x000000071d800000, 0x000000071d800000|100%| S|CS|TAMS 0x000000071d600000| PB 0x000000071d600000| Complete 
| 236|0x000000071d800000, 0x000000071da00000, 0x000000071da00000|100%| S|CS|TAMS 0x000000071d800000| PB 0x000000071d800000| Complete 
| 237|0x000000071da00000, 0x000000071dc00000, 0x000000071dc00000|100%| S|CS|TAMS 0x000000071da00000| PB 0x000000071da00000| Complete 
| 238|0x000000071dc00000, 0x000000071de00000, 0x000000071de00000|100%| S|CS|TAMS 0x000000071dc00000| PB 0x000000071dc00000| Complete 
| 239|0x000000071de00000, 0x000000071e000000, 0x000000071e000000|100%| S|CS|TAMS 0x000000071de00000| PB 0x000000071de00000| Complete 
| 240|0x000000071e000000, 0x000000071e200000, 0x000000071e200000|100%| S|CS|TAMS 0x000000071e000000| PB 0x000000071e000000| Complete 
| 241|0x000000071e200000, 0x000000071e400000, 0x000000071e400000|100%| S|CS|TAMS 0x000000071e200000| PB 0x000000071e200000| Complete 
| 242|0x000000071e400000, 0x000000071e600000, 0x000000071e600000|100%| S|CS|TAMS 0x000000071e400000| PB 0x000000071e400000| Complete 
| 243|0x000000071e600000, 0x000000071e600000, 0x000000071e800000|  0%| F|  |TAMS 0x000000071e600000| PB 0x000000071e600000| Untracked 
| 244|0x000000071e800000, 0x000000071e800000, 0x000000071ea00000|  0%| F|  |TAMS 0x000000071e800000| PB 0x000000071e800000| Untracked 
| 245|0x000000071ea00000, 0x000000071ea00000, 0x000000071ec00000|  0%| F|  |TAMS 0x000000071ea00000| PB 0x000000071ea00000| Untracked 
| 246|0x000000071ec00000, 0x000000071ec00000, 0x000000071ee00000|  0%| F|  |TAMS 0x000000071ec00000| PB 0x000000071ec00000| Untracked 
| 247|0x000000071ee00000, 0x000000071ee00000, 0x000000071f000000|  0%| F|  |TAMS 0x000000071ee00000| PB 0x000000071ee00000| Untracked 
| 248|0x000000071f000000, 0x000000071f000000, 0x000000071f200000|  0%| F|  |TAMS 0x000000071f000000| PB 0x000000071f000000| Untracked 
| 249|0x000000071f200000, 0x000000071f200000, 0x000000071f400000|  0%| F|  |TAMS 0x000000071f200000| PB 0x000000071f200000| Untracked 
| 250|0x000000071f400000, 0x000000071f400000, 0x000000071f600000|  0%| F|  |TAMS 0x000000071f400000| PB 0x000000071f400000| Untracked 
| 251|0x000000071f600000, 0x000000071f600000, 0x000000071f800000|  0%| F|  |TAMS 0x000000071f600000| PB 0x000000071f600000| Untracked 
| 252|0x000000071f800000, 0x000000071f800000, 0x000000071fa00000|  0%| F|  |TAMS 0x000000071f800000| PB 0x000000071f800000| Untracked 
| 253|0x000000071fa00000, 0x000000071fa00000, 0x000000071fc00000|  0%| F|  |TAMS 0x000000071fa00000| PB 0x000000071fa00000| Untracked 
| 254|0x000000071fc00000, 0x000000071fc00000, 0x000000071fe00000|  0%| F|  |TAMS 0x000000071fc00000| PB 0x000000071fc00000| Untracked 
| 255|0x000000071fe00000, 0x000000071fe00000, 0x0000000720000000|  0%| F|  |TAMS 0x000000071fe00000| PB 0x000000071fe00000| Untracked 
| 256|0x0000000720000000, 0x0000000720000000, 0x0000000720200000|  0%| F|  |TAMS 0x0000000720000000| PB 0x0000000720000000| Untracked 
| 257|0x0000000720200000, 0x0000000720200000, 0x0000000720400000|  0%| F|  |TAMS 0x0000000720200000| PB 0x0000000720200000| Untracked 
| 258|0x0000000720400000, 0x0000000720400000, 0x0000000720600000|  0%| F|  |TAMS 0x0000000720400000| PB 0x0000000720400000| Untracked 
| 259|0x0000000720600000, 0x0000000720600000, 0x0000000720800000|  0%| F|  |TAMS 0x0000000720600000| PB 0x0000000720600000| Untracked 
| 260|0x0000000720800000, 0x0000000720800000, 0x0000000720a00000|  0%| F|  |TAMS 0x0000000720800000| PB 0x0000000720800000| Untracked 
| 261|0x0000000720a00000, 0x0000000720a00000, 0x0000000720c00000|  0%| F|  |TAMS 0x0000000720a00000| PB 0x0000000720a00000| Untracked 
| 262|0x0000000720c00000, 0x0000000720c00000, 0x0000000720e00000|  0%| F|  |TAMS 0x0000000720c00000| PB 0x0000000720c00000| Untracked 
| 263|0x0000000720e00000, 0x0000000720e00000, 0x0000000721000000|  0%| F|  |TAMS 0x0000000720e00000| PB 0x0000000720e00000| Untracked 
| 264|0x0000000721000000, 0x0000000721000000, 0x0000000721200000|  0%| F|  |TAMS 0x0000000721000000| PB 0x0000000721000000| Untracked 
| 265|0x0000000721200000, 0x0000000721200000, 0x0000000721400000|  0%| F|  |TAMS 0x0000000721200000| PB 0x0000000721200000| Untracked 
| 266|0x0000000721400000, 0x0000000721400000, 0x0000000721600000|  0%| F|  |TAMS 0x0000000721400000| PB 0x0000000721400000| Untracked 
| 267|0x0000000721600000, 0x0000000721600000, 0x0000000721800000|  0%| F|  |TAMS 0x0000000721600000| PB 0x0000000721600000| Untracked 
| 268|0x0000000721800000, 0x0000000721800000, 0x0000000721a00000|  0%| F|  |TAMS 0x0000000721800000| PB 0x0000000721800000| Untracked 
| 269|0x0000000721a00000, 0x0000000721a00000, 0x0000000721c00000|  0%| F|  |TAMS 0x0000000721a00000| PB 0x0000000721a00000| Untracked 
| 270|0x0000000721c00000, 0x0000000721c00000, 0x0000000721e00000|  0%| F|  |TAMS 0x0000000721c00000| PB 0x0000000721c00000| Untracked 
| 271|0x0000000721e00000, 0x0000000721e00000, 0x0000000722000000|  0%| F|  |TAMS 0x0000000721e00000| PB 0x0000000721e00000| Untracked 
| 272|0x0000000722000000, 0x0000000722000000, 0x0000000722200000|  0%| F|  |TAMS 0x0000000722000000| PB 0x0000000722000000| Untracked 
| 273|0x0000000722200000, 0x0000000722200000, 0x0000000722400000|  0%| F|  |TAMS 0x0000000722200000| PB 0x0000000722200000| Untracked 
| 274|0x0000000722400000, 0x0000000722400000, 0x0000000722600000|  0%| F|  |TAMS 0x0000000722400000| PB 0x0000000722400000| Untracked 
| 275|0x0000000722600000, 0x0000000722600000, 0x0000000722800000|  0%| F|  |TAMS 0x0000000722600000| PB 0x0000000722600000| Untracked 
| 276|0x0000000722800000, 0x0000000722800000, 0x0000000722a00000|  0%| F|  |TAMS 0x0000000722800000| PB 0x0000000722800000| Untracked 
| 277|0x0000000722a00000, 0x0000000722a00000, 0x0000000722c00000|  0%| F|  |TAMS 0x0000000722a00000| PB 0x0000000722a00000| Untracked 
| 278|0x0000000722c00000, 0x0000000722c00000, 0x0000000722e00000|  0%| F|  |TAMS 0x0000000722c00000| PB 0x0000000722c00000| Untracked 
| 279|0x0000000722e00000, 0x0000000722e00000, 0x0000000723000000|  0%| F|  |TAMS 0x0000000722e00000| PB 0x0000000722e00000| Untracked 
| 280|0x0000000723000000, 0x0000000723000000, 0x0000000723200000|  0%| F|  |TAMS 0x0000000723000000| PB 0x0000000723000000| Untracked 
| 281|0x0000000723200000, 0x0000000723200000, 0x0000000723400000|  0%| F|  |TAMS 0x0000000723200000| PB 0x0000000723200000| Untracked 
| 282|0x0000000723400000, 0x0000000723400000, 0x0000000723600000|  0%| F|  |TAMS 0x0000000723400000| PB 0x0000000723400000| Untracked 
| 283|0x0000000723600000, 0x0000000723600000, 0x0000000723800000|  0%| F|  |TAMS 0x0000000723600000| PB 0x0000000723600000| Untracked 
| 284|0x0000000723800000, 0x0000000723800000, 0x0000000723a00000|  0%| F|  |TAMS 0x0000000723800000| PB 0x0000000723800000| Untracked 
| 285|0x0000000723a00000, 0x0000000723a00000, 0x0000000723c00000|  0%| F|  |TAMS 0x0000000723a00000| PB 0x0000000723a00000| Untracked 
| 286|0x0000000723c00000, 0x0000000723c00000, 0x0000000723e00000|  0%| F|  |TAMS 0x0000000723c00000| PB 0x0000000723c00000| Untracked 
| 287|0x0000000723e00000, 0x0000000723e00000, 0x0000000724000000|  0%| F|  |TAMS 0x0000000723e00000| PB 0x0000000723e00000| Untracked 
| 288|0x0000000724000000, 0x0000000724000000, 0x0000000724200000|  0%| F|  |TAMS 0x0000000724000000| PB 0x0000000724000000| Untracked 
| 289|0x0000000724200000, 0x0000000724200000, 0x0000000724400000|  0%| F|  |TAMS 0x0000000724200000| PB 0x0000000724200000| Untracked 
| 290|0x0000000724400000, 0x0000000724400000, 0x0000000724600000|  0%| F|  |TAMS 0x0000000724400000| PB 0x0000000724400000| Untracked 
| 291|0x0000000724600000, 0x0000000724600000, 0x0000000724800000|  0%| F|  |TAMS 0x0000000724600000| PB 0x0000000724600000| Untracked 
| 292|0x0000000724800000, 0x0000000724800000, 0x0000000724a00000|  0%| F|  |TAMS 0x0000000724800000| PB 0x0000000724800000| Untracked 
| 293|0x0000000724a00000, 0x0000000724a00000, 0x0000000724c00000|  0%| F|  |TAMS 0x0000000724a00000| PB 0x0000000724a00000| Untracked 
| 294|0x0000000724c00000, 0x0000000724c00000, 0x0000000724e00000|  0%| F|  |TAMS 0x0000000724c00000| PB 0x0000000724c00000| Untracked 
| 295|0x0000000724e00000, 0x0000000724e00000, 0x0000000725000000|  0%| F|  |TAMS 0x0000000724e00000| PB 0x0000000724e00000| Untracked 
| 296|0x0000000725000000, 0x0000000725000000, 0x0000000725200000|  0%| F|  |TAMS 0x0000000725000000| PB 0x0000000725000000| Untracked 
| 297|0x0000000725200000, 0x0000000725200000, 0x0000000725400000|  0%| F|  |TAMS 0x0000000725200000| PB 0x0000000725200000| Untracked 
| 298|0x0000000725400000, 0x0000000725400000, 0x0000000725600000|  0%| F|  |TAMS 0x0000000725400000| PB 0x0000000725400000| Untracked 
| 299|0x0000000725600000, 0x0000000725600000, 0x0000000725800000|  0%| F|  |TAMS 0x0000000725600000| PB 0x0000000725600000| Untracked 
| 300|0x0000000725800000, 0x0000000725800000, 0x0000000725a00000|  0%| F|  |TAMS 0x0000000725800000| PB 0x0000000725800000| Untracked 
| 301|0x0000000725a00000, 0x0000000725a00000, 0x0000000725c00000|  0%| F|  |TAMS 0x0000000725a00000| PB 0x0000000725a00000| Untracked 
| 302|0x0000000725c00000, 0x0000000725c00000, 0x0000000725e00000|  0%| F|  |TAMS 0x0000000725c00000| PB 0x0000000725c00000| Untracked 
| 303|0x0000000725e00000, 0x0000000725e00000, 0x0000000726000000|  0%| F|  |TAMS 0x0000000725e00000| PB 0x0000000725e00000| Untracked 
| 304|0x0000000726000000, 0x0000000726000000, 0x0000000726200000|  0%| F|  |TAMS 0x0000000726000000| PB 0x0000000726000000| Untracked 
| 305|0x0000000726200000, 0x0000000726200000, 0x0000000726400000|  0%| F|  |TAMS 0x0000000726200000| PB 0x0000000726200000| Untracked 
| 306|0x0000000726400000, 0x0000000726400000, 0x0000000726600000|  0%| F|  |TAMS 0x0000000726400000| PB 0x0000000726400000| Untracked 
| 307|0x0000000726600000, 0x0000000726600000, 0x0000000726800000|  0%| F|  |TAMS 0x0000000726600000| PB 0x0000000726600000| Untracked 
| 308|0x0000000726800000, 0x0000000726800000, 0x0000000726a00000|  0%| F|  |TAMS 0x0000000726800000| PB 0x0000000726800000| Untracked 
| 309|0x0000000726a00000, 0x0000000726a00000, 0x0000000726c00000|  0%| F|  |TAMS 0x0000000726a00000| PB 0x0000000726a00000| Untracked 
| 310|0x0000000726c00000, 0x0000000726c00000, 0x0000000726e00000|  0%| F|  |TAMS 0x0000000726c00000| PB 0x0000000726c00000| Untracked 
| 311|0x0000000726e00000, 0x0000000726e00000, 0x0000000727000000|  0%| F|  |TAMS 0x0000000726e00000| PB 0x0000000726e00000| Untracked 
| 312|0x0000000727000000, 0x0000000727000000, 0x0000000727200000|  0%| F|  |TAMS 0x0000000727000000| PB 0x0000000727000000| Untracked 
| 313|0x0000000727200000, 0x0000000727200000, 0x0000000727400000|  0%| F|  |TAMS 0x0000000727200000| PB 0x0000000727200000| Untracked 
| 314|0x0000000727400000, 0x0000000727400000, 0x0000000727600000|  0%| F|  |TAMS 0x0000000727400000| PB 0x0000000727400000| Untracked 
| 315|0x0000000727600000, 0x0000000727600000, 0x0000000727800000|  0%| F|  |TAMS 0x0000000727600000| PB 0x0000000727600000| Untracked 
| 316|0x0000000727800000, 0x0000000727800000, 0x0000000727a00000|  0%| F|  |TAMS 0x0000000727800000| PB 0x0000000727800000| Untracked 
| 317|0x0000000727a00000, 0x0000000727a00000, 0x0000000727c00000|  0%| F|  |TAMS 0x0000000727a00000| PB 0x0000000727a00000| Untracked 
| 318|0x0000000727c00000, 0x0000000727c00000, 0x0000000727e00000|  0%| F|  |TAMS 0x0000000727c00000| PB 0x0000000727c00000| Untracked 
| 319|0x0000000727e00000, 0x0000000727e00000, 0x0000000728000000|  0%| F|  |TAMS 0x0000000727e00000| PB 0x0000000727e00000| Untracked 
| 320|0x0000000728000000, 0x0000000728000000, 0x0000000728200000|  0%| F|  |TAMS 0x0000000728000000| PB 0x0000000728000000| Untracked 
| 321|0x0000000728200000, 0x0000000728200000, 0x0000000728400000|  0%| F|  |TAMS 0x0000000728200000| PB 0x0000000728200000| Untracked 
| 322|0x0000000728400000, 0x0000000728400000, 0x0000000728600000|  0%| F|  |TAMS 0x0000000728400000| PB 0x0000000728400000| Untracked 
| 323|0x0000000728600000, 0x0000000728600000, 0x0000000728800000|  0%| F|  |TAMS 0x0000000728600000| PB 0x0000000728600000| Untracked 
| 324|0x0000000728800000, 0x0000000728800000, 0x0000000728a00000|  0%| F|  |TAMS 0x0000000728800000| PB 0x0000000728800000| Untracked 
| 325|0x0000000728a00000, 0x0000000728a00000, 0x0000000728c00000|  0%| F|  |TAMS 0x0000000728a00000| PB 0x0000000728a00000| Untracked 
| 326|0x0000000728c00000, 0x0000000728c00000, 0x0000000728e00000|  0%| F|  |TAMS 0x0000000728c00000| PB 0x0000000728c00000| Untracked 
| 327|0x0000000728e00000, 0x0000000728e00000, 0x0000000729000000|  0%| F|  |TAMS 0x0000000728e00000| PB 0x0000000728e00000| Untracked 
| 328|0x0000000729000000, 0x0000000729000000, 0x0000000729200000|  0%| F|  |TAMS 0x0000000729000000| PB 0x0000000729000000| Untracked 
| 329|0x0000000729200000, 0x0000000729200000, 0x0000000729400000|  0%| F|  |TAMS 0x0000000729200000| PB 0x0000000729200000| Untracked 
| 330|0x0000000729400000, 0x0000000729400000, 0x0000000729600000|  0%| F|  |TAMS 0x0000000729400000| PB 0x0000000729400000| Untracked 
| 331|0x0000000729600000, 0x0000000729600000, 0x0000000729800000|  0%| F|  |TAMS 0x0000000729600000| PB 0x0000000729600000| Untracked 
| 332|0x0000000729800000, 0x0000000729800000, 0x0000000729a00000|  0%| F|  |TAMS 0x0000000729800000| PB 0x0000000729800000| Untracked 
| 333|0x0000000729a00000, 0x0000000729a00000, 0x0000000729c00000|  0%| F|  |TAMS 0x0000000729a00000| PB 0x0000000729a00000| Untracked 
| 334|0x0000000729c00000, 0x0000000729c00000, 0x0000000729e00000|  0%| F|  |TAMS 0x0000000729c00000| PB 0x0000000729c00000| Untracked 
| 335|0x0000000729e00000, 0x0000000729e00000, 0x000000072a000000|  0%| F|  |TAMS 0x0000000729e00000| PB 0x0000000729e00000| Untracked 
| 336|0x000000072a000000, 0x000000072a000000, 0x000000072a200000|  0%| F|  |TAMS 0x000000072a000000| PB 0x000000072a000000| Untracked 
| 337|0x000000072a200000, 0x000000072a200000, 0x000000072a400000|  0%| F|  |TAMS 0x000000072a200000| PB 0x000000072a200000| Untracked 
| 338|0x000000072a400000, 0x000000072a400000, 0x000000072a600000|  0%| F|  |TAMS 0x000000072a400000| PB 0x000000072a400000| Untracked 
| 339|0x000000072a600000, 0x000000072a600000, 0x000000072a800000|  0%| F|  |TAMS 0x000000072a600000| PB 0x000000072a600000| Untracked 
| 340|0x000000072a800000, 0x000000072a800000, 0x000000072aa00000|  0%| F|  |TAMS 0x000000072a800000| PB 0x000000072a800000| Untracked 
| 341|0x000000072aa00000, 0x000000072aa00000, 0x000000072ac00000|  0%| F|  |TAMS 0x000000072aa00000| PB 0x000000072aa00000| Untracked 
| 342|0x000000072ac00000, 0x000000072ac00000, 0x000000072ae00000|  0%| F|  |TAMS 0x000000072ac00000| PB 0x000000072ac00000| Untracked 
| 343|0x000000072ae00000, 0x000000072ae00000, 0x000000072b000000|  0%| F|  |TAMS 0x000000072ae00000| PB 0x000000072ae00000| Untracked 
| 344|0x000000072b000000, 0x000000072b000000, 0x000000072b200000|  0%| F|  |TAMS 0x000000072b000000| PB 0x000000072b000000| Untracked 
| 345|0x000000072b200000, 0x000000072b200000, 0x000000072b400000|  0%| F|  |TAMS 0x000000072b200000| PB 0x000000072b200000| Untracked 
| 346|0x000000072b400000, 0x000000072b400000, 0x000000072b600000|  0%| F|  |TAMS 0x000000072b400000| PB 0x000000072b400000| Untracked 
| 347|0x000000072b600000, 0x000000072b600000, 0x000000072b800000|  0%| F|  |TAMS 0x000000072b600000| PB 0x000000072b600000| Untracked 
| 348|0x000000072b800000, 0x000000072b800000, 0x000000072ba00000|  0%| F|  |TAMS 0x000000072b800000| PB 0x000000072b800000| Untracked 
| 349|0x000000072ba00000, 0x000000072ba00000, 0x000000072bc00000|  0%| F|  |TAMS 0x000000072ba00000| PB 0x000000072ba00000| Untracked 
| 350|0x000000072bc00000, 0x000000072bc00000, 0x000000072be00000|  0%| F|  |TAMS 0x000000072bc00000| PB 0x000000072bc00000| Untracked 
| 351|0x000000072be00000, 0x000000072be00000, 0x000000072c000000|  0%| F|  |TAMS 0x000000072be00000| PB 0x000000072be00000| Untracked 
| 352|0x000000072c000000, 0x000000072c000000, 0x000000072c200000|  0%| F|  |TAMS 0x000000072c000000| PB 0x000000072c000000| Untracked 
| 353|0x000000072c200000, 0x000000072c200000, 0x000000072c400000|  0%| F|  |TAMS 0x000000072c200000| PB 0x000000072c200000| Untracked 
| 354|0x000000072c400000, 0x000000072c400000, 0x000000072c600000|  0%| F|  |TAMS 0x000000072c400000| PB 0x000000072c400000| Untracked 
| 355|0x000000072c600000, 0x000000072c600000, 0x000000072c800000|  0%| F|  |TAMS 0x000000072c600000| PB 0x000000072c600000| Untracked 
| 356|0x000000072c800000, 0x000000072c800000, 0x000000072ca00000|  0%| F|  |TAMS 0x000000072c800000| PB 0x000000072c800000| Untracked 
| 357|0x000000072ca00000, 0x000000072ca00000, 0x000000072cc00000|  0%| F|  |TAMS 0x000000072ca00000| PB 0x000000072ca00000| Untracked 
| 358|0x000000072cc00000, 0x000000072cc00000, 0x000000072ce00000|  0%| F|  |TAMS 0x000000072cc00000| PB 0x000000072cc00000| Untracked 
| 359|0x000000072ce00000, 0x000000072ce00000, 0x000000072d000000|  0%| F|  |TAMS 0x000000072ce00000| PB 0x000000072ce00000| Untracked 
| 360|0x000000072d000000, 0x000000072d000000, 0x000000072d200000|  0%| F|  |TAMS 0x000000072d000000| PB 0x000000072d000000| Untracked 
| 361|0x000000072d200000, 0x000000072d200000, 0x000000072d400000|  0%| F|  |TAMS 0x000000072d200000| PB 0x000000072d200000| Untracked 
| 362|0x000000072d400000, 0x000000072d400000, 0x000000072d600000|  0%| F|  |TAMS 0x000000072d400000| PB 0x000000072d400000| Untracked 
| 363|0x000000072d600000, 0x000000072d600000, 0x000000072d800000|  0%| F|  |TAMS 0x000000072d600000| PB 0x000000072d600000| Untracked 
| 364|0x000000072d800000, 0x000000072d800000, 0x000000072da00000|  0%| F|  |TAMS 0x000000072d800000| PB 0x000000072d800000| Untracked 
| 365|0x000000072da00000, 0x000000072da00000, 0x000000072dc00000|  0%| F|  |TAMS 0x000000072da00000| PB 0x000000072da00000| Untracked 
| 366|0x000000072dc00000, 0x000000072dc00000, 0x000000072de00000|  0%| F|  |TAMS 0x000000072dc00000| PB 0x000000072dc00000| Untracked 
| 367|0x000000072de00000, 0x000000072de00000, 0x000000072e000000|  0%| F|  |TAMS 0x000000072de00000| PB 0x000000072de00000| Untracked 
| 368|0x000000072e000000, 0x000000072e000000, 0x000000072e200000|  0%| F|  |TAMS 0x000000072e000000| PB 0x000000072e000000| Untracked 
| 369|0x000000072e200000, 0x000000072e200000, 0x000000072e400000|  0%| F|  |TAMS 0x000000072e200000| PB 0x000000072e200000| Untracked 
| 370|0x000000072e400000, 0x000000072e400000, 0x000000072e600000|  0%| F|  |TAMS 0x000000072e400000| PB 0x000000072e400000| Untracked 
| 371|0x000000072e600000, 0x000000072e600000, 0x000000072e800000|  0%| F|  |TAMS 0x000000072e600000| PB 0x000000072e600000| Untracked 
| 372|0x000000072e800000, 0x000000072e800000, 0x000000072ea00000|  0%| F|  |TAMS 0x000000072e800000| PB 0x000000072e800000| Untracked 
| 373|0x000000072ea00000, 0x000000072ea00000, 0x000000072ec00000|  0%| F|  |TAMS 0x000000072ea00000| PB 0x000000072ea00000| Untracked 
| 374|0x000000072ec00000, 0x000000072ec00000, 0x000000072ee00000|  0%| F|  |TAMS 0x000000072ec00000| PB 0x000000072ec00000| Untracked 
| 375|0x000000072ee00000, 0x000000072ee00000, 0x000000072f000000|  0%| F|  |TAMS 0x000000072ee00000| PB 0x000000072ee00000| Untracked 
| 376|0x000000072f000000, 0x000000072f000000, 0x000000072f200000|  0%| F|  |TAMS 0x000000072f000000| PB 0x000000072f000000| Untracked 
| 377|0x000000072f200000, 0x000000072f200000, 0x000000072f400000|  0%| F|  |TAMS 0x000000072f200000| PB 0x000000072f200000| Untracked 
| 378|0x000000072f400000, 0x000000072f400000, 0x000000072f600000|  0%| F|  |TAMS 0x000000072f400000| PB 0x000000072f400000| Untracked 
| 379|0x000000072f600000, 0x000000072f600000, 0x000000072f800000|  0%| F|  |TAMS 0x000000072f600000| PB 0x000000072f600000| Untracked 
| 380|0x000000072f800000, 0x000000072f800000, 0x000000072fa00000|  0%| F|  |TAMS 0x000000072f800000| PB 0x000000072f800000| Untracked 
| 381|0x000000072fa00000, 0x000000072fa00000, 0x000000072fc00000|  0%| F|  |TAMS 0x000000072fa00000| PB 0x000000072fa00000| Untracked 
| 382|0x000000072fc00000, 0x000000072fc00000, 0x000000072fe00000|  0%| F|  |TAMS 0x000000072fc00000| PB 0x000000072fc00000| Untracked 
| 383|0x000000072fe00000, 0x000000072fe00000, 0x0000000730000000|  0%| F|  |TAMS 0x000000072fe00000| PB 0x000000072fe00000| Untracked 
| 384|0x0000000730000000, 0x0000000730000000, 0x0000000730200000|  0%| F|  |TAMS 0x0000000730000000| PB 0x0000000730000000| Untracked 
| 385|0x0000000730200000, 0x0000000730200000, 0x0000000730400000|  0%| F|  |TAMS 0x0000000730200000| PB 0x0000000730200000| Untracked 
| 386|0x0000000730400000, 0x0000000730400000, 0x0000000730600000|  0%| F|  |TAMS 0x0000000730400000| PB 0x0000000730400000| Untracked 
| 387|0x0000000730600000, 0x0000000730600000, 0x0000000730800000|  0%| F|  |TAMS 0x0000000730600000| PB 0x0000000730600000| Untracked 
| 388|0x0000000730800000, 0x0000000730800000, 0x0000000730a00000|  0%| F|  |TAMS 0x0000000730800000| PB 0x0000000730800000| Untracked 
| 389|0x0000000730a00000, 0x0000000730a00000, 0x0000000730c00000|  0%| F|  |TAMS 0x0000000730a00000| PB 0x0000000730a00000| Untracked 
| 390|0x0000000730c00000, 0x0000000730c00000, 0x0000000730e00000|  0%| F|  |TAMS 0x0000000730c00000| PB 0x0000000730c00000| Untracked 
| 391|0x0000000730e00000, 0x0000000730e00000, 0x0000000731000000|  0%| F|  |TAMS 0x0000000730e00000| PB 0x0000000730e00000| Untracked 
| 392|0x0000000731000000, 0x0000000731000000, 0x0000000731200000|  0%| F|  |TAMS 0x0000000731000000| PB 0x0000000731000000| Untracked 
| 393|0x0000000731200000, 0x0000000731200000, 0x0000000731400000|  0%| F|  |TAMS 0x0000000731200000| PB 0x0000000731200000| Untracked 
| 394|0x0000000731400000, 0x0000000731400000, 0x0000000731600000|  0%| F|  |TAMS 0x0000000731400000| PB 0x0000000731400000| Untracked 
| 395|0x0000000731600000, 0x0000000731600000, 0x0000000731800000|  0%| F|  |TAMS 0x0000000731600000| PB 0x0000000731600000| Untracked 
| 396|0x0000000731800000, 0x0000000731800000, 0x0000000731a00000|  0%| F|  |TAMS 0x0000000731800000| PB 0x0000000731800000| Untracked 
| 397|0x0000000731a00000, 0x0000000731a00000, 0x0000000731c00000|  0%| F|  |TAMS 0x0000000731a00000| PB 0x0000000731a00000| Untracked 
| 398|0x0000000731c00000, 0x0000000731c00000, 0x0000000731e00000|  0%| F|  |TAMS 0x0000000731c00000| PB 0x0000000731c00000| Untracked 
| 399|0x0000000731e00000, 0x0000000731e00000, 0x0000000732000000|  0%| F|  |TAMS 0x0000000731e00000| PB 0x0000000731e00000| Untracked 
| 400|0x0000000732000000, 0x0000000732000000, 0x0000000732200000|  0%| F|  |TAMS 0x0000000732000000| PB 0x0000000732000000| Untracked 
| 401|0x0000000732200000, 0x0000000732200000, 0x0000000732400000|  0%| F|  |TAMS 0x0000000732200000| PB 0x0000000732200000| Untracked 
| 402|0x0000000732400000, 0x0000000732400000, 0x0000000732600000|  0%| F|  |TAMS 0x0000000732400000| PB 0x0000000732400000| Untracked 
| 403|0x0000000732600000, 0x0000000732600000, 0x0000000732800000|  0%| F|  |TAMS 0x0000000732600000| PB 0x0000000732600000| Untracked 
| 404|0x0000000732800000, 0x0000000732800000, 0x0000000732a00000|  0%| F|  |TAMS 0x0000000732800000| PB 0x0000000732800000| Untracked 
| 405|0x0000000732a00000, 0x0000000732a00000, 0x0000000732c00000|  0%| F|  |TAMS 0x0000000732a00000| PB 0x0000000732a00000| Untracked 
| 406|0x0000000732c00000, 0x0000000732c00000, 0x0000000732e00000|  0%| F|  |TAMS 0x0000000732c00000| PB 0x0000000732c00000| Untracked 
| 407|0x0000000732e00000, 0x0000000732e00000, 0x0000000733000000|  0%| F|  |TAMS 0x0000000732e00000| PB 0x0000000732e00000| Untracked 
| 408|0x0000000733000000, 0x0000000733000000, 0x0000000733200000|  0%| F|  |TAMS 0x0000000733000000| PB 0x0000000733000000| Untracked 
| 409|0x0000000733200000, 0x0000000733200000, 0x0000000733400000|  0%| F|  |TAMS 0x0000000733200000| PB 0x0000000733200000| Untracked 
| 410|0x0000000733400000, 0x0000000733400000, 0x0000000733600000|  0%| F|  |TAMS 0x0000000733400000| PB 0x0000000733400000| Untracked 
| 411|0x0000000733600000, 0x0000000733600000, 0x0000000733800000|  0%| F|  |TAMS 0x0000000733600000| PB 0x0000000733600000| Untracked 
| 412|0x0000000733800000, 0x0000000733800000, 0x0000000733a00000|  0%| F|  |TAMS 0x0000000733800000| PB 0x0000000733800000| Untracked 
| 413|0x0000000733a00000, 0x0000000733a00000, 0x0000000733c00000|  0%| F|  |TAMS 0x0000000733a00000| PB 0x0000000733a00000| Untracked 
| 414|0x0000000733c00000, 0x0000000733c00000, 0x0000000733e00000|  0%| F|  |TAMS 0x0000000733c00000| PB 0x0000000733c00000| Untracked 
| 415|0x0000000733e00000, 0x0000000733e00000, 0x0000000734000000|  0%| F|  |TAMS 0x0000000733e00000| PB 0x0000000733e00000| Untracked 
| 416|0x0000000734000000, 0x0000000734000000, 0x0000000734200000|  0%| F|  |TAMS 0x0000000734000000| PB 0x0000000734000000| Untracked 
| 417|0x0000000734200000, 0x0000000734200000, 0x0000000734400000|  0%| F|  |TAMS 0x0000000734200000| PB 0x0000000734200000| Untracked 
| 418|0x0000000734400000, 0x0000000734400000, 0x0000000734600000|  0%| F|  |TAMS 0x0000000734400000| PB 0x0000000734400000| Untracked 
| 419|0x0000000734600000, 0x0000000734600000, 0x0000000734800000|  0%| F|  |TAMS 0x0000000734600000| PB 0x0000000734600000| Untracked 
| 420|0x0000000734800000, 0x0000000734800000, 0x0000000734a00000|  0%| F|  |TAMS 0x0000000734800000| PB 0x0000000734800000| Untracked 
| 421|0x0000000734a00000, 0x0000000734a00000, 0x0000000734c00000|  0%| F|  |TAMS 0x0000000734a00000| PB 0x0000000734a00000| Untracked 
| 422|0x0000000734c00000, 0x0000000734c00000, 0x0000000734e00000|  0%| F|  |TAMS 0x0000000734c00000| PB 0x0000000734c00000| Untracked 
| 423|0x0000000734e00000, 0x0000000734e00000, 0x0000000735000000|  0%| F|  |TAMS 0x0000000734e00000| PB 0x0000000734e00000| Untracked 
| 424|0x0000000735000000, 0x0000000735000000, 0x0000000735200000|  0%| F|  |TAMS 0x0000000735000000| PB 0x0000000735000000| Untracked 
| 425|0x0000000735200000, 0x0000000735200000, 0x0000000735400000|  0%| F|  |TAMS 0x0000000735200000| PB 0x0000000735200000| Untracked 
| 426|0x0000000735400000, 0x0000000735400000, 0x0000000735600000|  0%| F|  |TAMS 0x0000000735400000| PB 0x0000000735400000| Untracked 
| 427|0x0000000735600000, 0x0000000735600000, 0x0000000735800000|  0%| F|  |TAMS 0x0000000735600000| PB 0x0000000735600000| Untracked 
| 428|0x0000000735800000, 0x0000000735800000, 0x0000000735a00000|  0%| F|  |TAMS 0x0000000735800000| PB 0x0000000735800000| Untracked 
| 429|0x0000000735a00000, 0x0000000735a00000, 0x0000000735c00000|  0%| F|  |TAMS 0x0000000735a00000| PB 0x0000000735a00000| Untracked 
| 430|0x0000000735c00000, 0x0000000735c00000, 0x0000000735e00000|  0%| F|  |TAMS 0x0000000735c00000| PB 0x0000000735c00000| Untracked 
| 431|0x0000000735e00000, 0x0000000735e00000, 0x0000000736000000|  0%| F|  |TAMS 0x0000000735e00000| PB 0x0000000735e00000| Untracked 
| 432|0x0000000736000000, 0x0000000736000000, 0x0000000736200000|  0%| F|  |TAMS 0x0000000736000000| PB 0x0000000736000000| Untracked 
| 433|0x0000000736200000, 0x0000000736200000, 0x0000000736400000|  0%| F|  |TAMS 0x0000000736200000| PB 0x0000000736200000| Untracked 
| 434|0x0000000736400000, 0x0000000736400000, 0x0000000736600000|  0%| F|  |TAMS 0x0000000736400000| PB 0x0000000736400000| Untracked 
| 435|0x0000000736600000, 0x0000000736600000, 0x0000000736800000|  0%| F|  |TAMS 0x0000000736600000| PB 0x0000000736600000| Untracked 
| 436|0x0000000736800000, 0x0000000736800000, 0x0000000736a00000|  0%| F|  |TAMS 0x0000000736800000| PB 0x0000000736800000| Untracked 
| 437|0x0000000736a00000, 0x0000000736a00000, 0x0000000736c00000|  0%| F|  |TAMS 0x0000000736a00000| PB 0x0000000736a00000| Untracked 
| 438|0x0000000736c00000, 0x0000000736c00000, 0x0000000736e00000|  0%| F|  |TAMS 0x0000000736c00000| PB 0x0000000736c00000| Untracked 
| 439|0x0000000736e00000, 0x0000000736e00000, 0x0000000737000000|  0%| F|  |TAMS 0x0000000736e00000| PB 0x0000000736e00000| Untracked 
| 440|0x0000000737000000, 0x0000000737000000, 0x0000000737200000|  0%| F|  |TAMS 0x0000000737000000| PB 0x0000000737000000| Untracked 
| 441|0x0000000737200000, 0x0000000737200000, 0x0000000737400000|  0%| F|  |TAMS 0x0000000737200000| PB 0x0000000737200000| Untracked 
| 442|0x0000000737400000, 0x0000000737400000, 0x0000000737600000|  0%| F|  |TAMS 0x0000000737400000| PB 0x0000000737400000| Untracked 
| 443|0x0000000737600000, 0x0000000737600000, 0x0000000737800000|  0%| F|  |TAMS 0x0000000737600000| PB 0x0000000737600000| Untracked 
| 444|0x0000000737800000, 0x0000000737800000, 0x0000000737a00000|  0%| F|  |TAMS 0x0000000737800000| PB 0x0000000737800000| Untracked 
| 445|0x0000000737a00000, 0x0000000737a00000, 0x0000000737c00000|  0%| F|  |TAMS 0x0000000737a00000| PB 0x0000000737a00000| Untracked 
| 446|0x0000000737c00000, 0x0000000737c00000, 0x0000000737e00000|  0%| F|  |TAMS 0x0000000737c00000| PB 0x0000000737c00000| Untracked 
| 447|0x0000000737e00000, 0x0000000737e00000, 0x0000000738000000|  0%| F|  |TAMS 0x0000000737e00000| PB 0x0000000737e00000| Untracked 
| 448|0x0000000738000000, 0x0000000738000000, 0x0000000738200000|  0%| F|  |TAMS 0x0000000738000000| PB 0x0000000738000000| Untracked 
| 449|0x0000000738200000, 0x0000000738200000, 0x0000000738400000|  0%| F|  |TAMS 0x0000000738200000| PB 0x0000000738200000| Untracked 
| 450|0x0000000738400000, 0x0000000738400000, 0x0000000738600000|  0%| F|  |TAMS 0x0000000738400000| PB 0x0000000738400000| Untracked 
| 451|0x0000000738600000, 0x0000000738600000, 0x0000000738800000|  0%| F|  |TAMS 0x0000000738600000| PB 0x0000000738600000| Untracked 
| 452|0x0000000738800000, 0x0000000738800000, 0x0000000738a00000|  0%| F|  |TAMS 0x0000000738800000| PB 0x0000000738800000| Untracked 
| 453|0x0000000738a00000, 0x0000000738a00000, 0x0000000738c00000|  0%| F|  |TAMS 0x0000000738a00000| PB 0x0000000738a00000| Untracked 
| 454|0x0000000738c00000, 0x0000000738c00000, 0x0000000738e00000|  0%| F|  |TAMS 0x0000000738c00000| PB 0x0000000738c00000| Untracked 
| 455|0x0000000738e00000, 0x0000000738e00000, 0x0000000739000000|  0%| F|  |TAMS 0x0000000738e00000| PB 0x0000000738e00000| Untracked 
| 456|0x0000000739000000, 0x0000000739000000, 0x0000000739200000|  0%| F|  |TAMS 0x0000000739000000| PB 0x0000000739000000| Untracked 
| 457|0x0000000739200000, 0x0000000739200000, 0x0000000739400000|  0%| F|  |TAMS 0x0000000739200000| PB 0x0000000739200000| Untracked 
| 458|0x0000000739400000, 0x0000000739400000, 0x0000000739600000|  0%| F|  |TAMS 0x0000000739400000| PB 0x0000000739400000| Untracked 
| 459|0x0000000739600000, 0x0000000739600000, 0x0000000739800000|  0%| F|  |TAMS 0x0000000739600000| PB 0x0000000739600000| Untracked 
| 460|0x0000000739800000, 0x0000000739800000, 0x0000000739a00000|  0%| F|  |TAMS 0x0000000739800000| PB 0x0000000739800000| Untracked 
| 461|0x0000000739a00000, 0x0000000739a00000, 0x0000000739c00000|  0%| F|  |TAMS 0x0000000739a00000| PB 0x0000000739a00000| Untracked 
| 462|0x0000000739c00000, 0x0000000739c00000, 0x0000000739e00000|  0%| F|  |TAMS 0x0000000739c00000| PB 0x0000000739c00000| Untracked 
| 463|0x0000000739e00000, 0x0000000739e00000, 0x000000073a000000|  0%| F|  |TAMS 0x0000000739e00000| PB 0x0000000739e00000| Untracked 
| 464|0x000000073a000000, 0x000000073a000000, 0x000000073a200000|  0%| F|  |TAMS 0x000000073a000000| PB 0x000000073a000000| Untracked 
| 465|0x000000073a200000, 0x000000073a200000, 0x000000073a400000|  0%| F|  |TAMS 0x000000073a200000| PB 0x000000073a200000| Untracked 
| 466|0x000000073a400000, 0x000000073a400000, 0x000000073a600000|  0%| F|  |TAMS 0x000000073a400000| PB 0x000000073a400000| Untracked 
| 467|0x000000073a600000, 0x000000073a600000, 0x000000073a800000|  0%| F|  |TAMS 0x000000073a600000| PB 0x000000073a600000| Untracked 
| 468|0x000000073a800000, 0x000000073a800000, 0x000000073aa00000|  0%| F|  |TAMS 0x000000073a800000| PB 0x000000073a800000| Untracked 
| 469|0x000000073aa00000, 0x000000073aa00000, 0x000000073ac00000|  0%| F|  |TAMS 0x000000073aa00000| PB 0x000000073aa00000| Untracked 
| 470|0x000000073ac00000, 0x000000073ac00000, 0x000000073ae00000|  0%| F|  |TAMS 0x000000073ac00000| PB 0x000000073ac00000| Untracked 
| 471|0x000000073ae00000, 0x000000073ae00000, 0x000000073b000000|  0%| F|  |TAMS 0x000000073ae00000| PB 0x000000073ae00000| Untracked 
| 472|0x000000073b000000, 0x000000073b000000, 0x000000073b200000|  0%| F|  |TAMS 0x000000073b000000| PB 0x000000073b000000| Untracked 
| 473|0x000000073b200000, 0x000000073b200000, 0x000000073b400000|  0%| F|  |TAMS 0x000000073b200000| PB 0x000000073b200000| Untracked 
| 474|0x000000073b400000, 0x000000073b400000, 0x000000073b600000|  0%| F|  |TAMS 0x000000073b400000| PB 0x000000073b400000| Untracked 
| 475|0x000000073b600000, 0x000000073b600000, 0x000000073b800000|  0%| F|  |TAMS 0x000000073b600000| PB 0x000000073b600000| Untracked 
| 476|0x000000073b800000, 0x000000073b800000, 0x000000073ba00000|  0%| F|  |TAMS 0x000000073b800000| PB 0x000000073b800000| Untracked 
| 477|0x000000073ba00000, 0x000000073ba00000, 0x000000073bc00000|  0%| F|  |TAMS 0x000000073ba00000| PB 0x000000073ba00000| Untracked 
| 478|0x000000073bc00000, 0x000000073bc00000, 0x000000073be00000|  0%| F|  |TAMS 0x000000073bc00000| PB 0x000000073bc00000| Untracked 
| 479|0x000000073be00000, 0x000000073be00000, 0x000000073c000000|  0%| F|  |TAMS 0x000000073be00000| PB 0x000000073be00000| Untracked 
| 480|0x000000073c000000, 0x000000073c000000, 0x000000073c200000|  0%| F|  |TAMS 0x000000073c000000| PB 0x000000073c000000| Untracked 
| 481|0x000000073c200000, 0x000000073c200000, 0x000000073c400000|  0%| F|  |TAMS 0x000000073c200000| PB 0x000000073c200000| Untracked 
| 482|0x000000073c400000, 0x000000073c400000, 0x000000073c600000|  0%| F|  |TAMS 0x000000073c400000| PB 0x000000073c400000| Untracked 
| 483|0x000000073c600000, 0x000000073c600000, 0x000000073c800000|  0%| F|  |TAMS 0x000000073c600000| PB 0x000000073c600000| Untracked 
| 484|0x000000073c800000, 0x000000073c800000, 0x000000073ca00000|  0%| F|  |TAMS 0x000000073c800000| PB 0x000000073c800000| Untracked 
| 485|0x000000073ca00000, 0x000000073ca00000, 0x000000073cc00000|  0%| F|  |TAMS 0x000000073ca00000| PB 0x000000073ca00000| Untracked 
| 486|0x000000073cc00000, 0x000000073cc00000, 0x000000073ce00000|  0%| F|  |TAMS 0x000000073cc00000| PB 0x000000073cc00000| Untracked 
| 487|0x000000073ce00000, 0x000000073ce00000, 0x000000073d000000|  0%| F|  |TAMS 0x000000073ce00000| PB 0x000000073ce00000| Untracked 
| 488|0x000000073d000000, 0x000000073d000000, 0x000000073d200000|  0%| F|  |TAMS 0x000000073d000000| PB 0x000000073d000000| Untracked 
| 489|0x000000073d200000, 0x000000073d200000, 0x000000073d400000|  0%| F|  |TAMS 0x000000073d200000| PB 0x000000073d200000| Untracked 
| 490|0x000000073d400000, 0x000000073d400000, 0x000000073d600000|  0%| F|  |TAMS 0x000000073d400000| PB 0x000000073d400000| Untracked 
| 491|0x000000073d600000, 0x000000073d600000, 0x000000073d800000|  0%| F|  |TAMS 0x000000073d600000| PB 0x000000073d600000| Untracked 
| 492|0x000000073d800000, 0x000000073d800000, 0x000000073da00000|  0%| F|  |TAMS 0x000000073d800000| PB 0x000000073d800000| Untracked 
| 493|0x000000073da00000, 0x000000073da00000, 0x000000073dc00000|  0%| F|  |TAMS 0x000000073da00000| PB 0x000000073da00000| Untracked 
| 494|0x000000073dc00000, 0x000000073dc00000, 0x000000073de00000|  0%| F|  |TAMS 0x000000073dc00000| PB 0x000000073dc00000| Untracked 
| 495|0x000000073de00000, 0x000000073de00000, 0x000000073e000000|  0%| F|  |TAMS 0x000000073de00000| PB 0x000000073de00000| Untracked 
| 496|0x000000073e000000, 0x000000073e000000, 0x000000073e200000|  0%| F|  |TAMS 0x000000073e000000| PB 0x000000073e000000| Untracked 
| 497|0x000000073e200000, 0x000000073e200000, 0x000000073e400000|  0%| F|  |TAMS 0x000000073e200000| PB 0x000000073e200000| Untracked 
| 498|0x000000073e400000, 0x000000073e400000, 0x000000073e600000|  0%| F|  |TAMS 0x000000073e400000| PB 0x000000073e400000| Untracked 
| 499|0x000000073e600000, 0x000000073e600000, 0x000000073e800000|  0%| F|  |TAMS 0x000000073e600000| PB 0x000000073e600000| Untracked 
| 500|0x000000073e800000, 0x000000073e800000, 0x000000073ea00000|  0%| F|  |TAMS 0x000000073e800000| PB 0x000000073e800000| Untracked 
| 501|0x000000073ea00000, 0x000000073ea00000, 0x000000073ec00000|  0%| F|  |TAMS 0x000000073ea00000| PB 0x000000073ea00000| Untracked 
| 502|0x000000073ec00000, 0x000000073ec00000, 0x000000073ee00000|  0%| F|  |TAMS 0x000000073ec00000| PB 0x000000073ec00000| Untracked 
| 503|0x000000073ee00000, 0x000000073ee00000, 0x000000073f000000|  0%| F|  |TAMS 0x000000073ee00000| PB 0x000000073ee00000| Untracked 
| 504|0x000000073f000000, 0x000000073f000000, 0x000000073f200000|  0%| F|  |TAMS 0x000000073f000000| PB 0x000000073f000000| Untracked 
| 505|0x000000073f200000, 0x000000073f200000, 0x000000073f400000|  0%| F|  |TAMS 0x000000073f200000| PB 0x000000073f200000| Untracked 
| 506|0x000000073f400000, 0x000000073f400000, 0x000000073f600000|  0%| F|  |TAMS 0x000000073f400000| PB 0x000000073f400000| Untracked 
| 507|0x000000073f600000, 0x000000073f600000, 0x000000073f800000|  0%| F|  |TAMS 0x000000073f600000| PB 0x000000073f600000| Untracked 
| 508|0x000000073f800000, 0x000000073f800000, 0x000000073fa00000|  0%| F|  |TAMS 0x000000073f800000| PB 0x000000073f800000| Untracked 
| 509|0x000000073fa00000, 0x000000073fa00000, 0x000000073fc00000|  0%| F|  |TAMS 0x000000073fa00000| PB 0x000000073fa00000| Untracked 
| 510|0x000000073fc00000, 0x000000073fc00000, 0x000000073fe00000|  0%| F|  |TAMS 0x000000073fc00000| PB 0x000000073fc00000| Untracked 
| 511|0x000000073fe00000, 0x000000073fe00000, 0x0000000740000000|  0%| F|  |TAMS 0x000000073fe00000| PB 0x000000073fe00000| Untracked 
| 512|0x0000000740000000, 0x0000000740000000, 0x0000000740200000|  0%| F|  |TAMS 0x0000000740000000| PB 0x0000000740000000| Untracked 
| 513|0x0000000740200000, 0x0000000740200000, 0x0000000740400000|  0%| F|  |TAMS 0x0000000740200000| PB 0x0000000740200000| Untracked 
| 514|0x0000000740400000, 0x0000000740400000, 0x0000000740600000|  0%| F|  |TAMS 0x0000000740400000| PB 0x0000000740400000| Untracked 
| 515|0x0000000740600000, 0x0000000740600000, 0x0000000740800000|  0%| F|  |TAMS 0x0000000740600000| PB 0x0000000740600000| Untracked 
| 516|0x0000000740800000, 0x0000000740800000, 0x0000000740a00000|  0%| F|  |TAMS 0x0000000740800000| PB 0x0000000740800000| Untracked 
| 517|0x0000000740a00000, 0x0000000740a00000, 0x0000000740c00000|  0%| F|  |TAMS 0x0000000740a00000| PB 0x0000000740a00000| Untracked 
| 518|0x0000000740c00000, 0x0000000740c00000, 0x0000000740e00000|  0%| F|  |TAMS 0x0000000740c00000| PB 0x0000000740c00000| Untracked 
| 519|0x0000000740e00000, 0x0000000740e00000, 0x0000000741000000|  0%| F|  |TAMS 0x0000000740e00000| PB 0x0000000740e00000| Untracked 
| 520|0x0000000741000000, 0x0000000741000000, 0x0000000741200000|  0%| F|  |TAMS 0x0000000741000000| PB 0x0000000741000000| Untracked 
| 521|0x0000000741200000, 0x0000000741200000, 0x0000000741400000|  0%| F|  |TAMS 0x0000000741200000| PB 0x0000000741200000| Untracked 
| 522|0x0000000741400000, 0x0000000741400000, 0x0000000741600000|  0%| F|  |TAMS 0x0000000741400000| PB 0x0000000741400000| Untracked 
| 523|0x0000000741600000, 0x0000000741600000, 0x0000000741800000|  0%| F|  |TAMS 0x0000000741600000| PB 0x0000000741600000| Untracked 
| 524|0x0000000741800000, 0x0000000741800000, 0x0000000741a00000|  0%| F|  |TAMS 0x0000000741800000| PB 0x0000000741800000| Untracked 
| 525|0x0000000741a00000, 0x0000000741a00000, 0x0000000741c00000|  0%| F|  |TAMS 0x0000000741a00000| PB 0x0000000741a00000| Untracked 
| 526|0x0000000741c00000, 0x0000000741c00000, 0x0000000741e00000|  0%| F|  |TAMS 0x0000000741c00000| PB 0x0000000741c00000| Untracked 
| 527|0x0000000741e00000, 0x0000000741e00000, 0x0000000742000000|  0%| F|  |TAMS 0x0000000741e00000| PB 0x0000000741e00000| Untracked 
| 528|0x0000000742000000, 0x0000000742000000, 0x0000000742200000|  0%| F|  |TAMS 0x0000000742000000| PB 0x0000000742000000| Untracked 
| 529|0x0000000742200000, 0x0000000742200000, 0x0000000742400000|  0%| F|  |TAMS 0x0000000742200000| PB 0x0000000742200000| Untracked 
| 530|0x0000000742400000, 0x0000000742400000, 0x0000000742600000|  0%| F|  |TAMS 0x0000000742400000| PB 0x0000000742400000| Untracked 
| 531|0x0000000742600000, 0x0000000742600000, 0x0000000742800000|  0%| F|  |TAMS 0x0000000742600000| PB 0x0000000742600000| Untracked 
| 532|0x0000000742800000, 0x0000000742800000, 0x0000000742a00000|  0%| F|  |TAMS 0x0000000742800000| PB 0x0000000742800000| Untracked 
| 533|0x0000000742a00000, 0x0000000742a00000, 0x0000000742c00000|  0%| F|  |TAMS 0x0000000742a00000| PB 0x0000000742a00000| Untracked 
| 534|0x0000000742c00000, 0x0000000742c00000, 0x0000000742e00000|  0%| F|  |TAMS 0x0000000742c00000| PB 0x0000000742c00000| Untracked 
| 535|0x0000000742e00000, 0x0000000742e00000, 0x0000000743000000|  0%| F|  |TAMS 0x0000000742e00000| PB 0x0000000742e00000| Untracked 
| 536|0x0000000743000000, 0x0000000743000000, 0x0000000743200000|  0%| F|  |TAMS 0x0000000743000000| PB 0x0000000743000000| Untracked 
| 537|0x0000000743200000, 0x0000000743200000, 0x0000000743400000|  0%| F|  |TAMS 0x0000000743200000| PB 0x0000000743200000| Untracked 
| 538|0x0000000743400000, 0x0000000743400000, 0x0000000743600000|  0%| F|  |TAMS 0x0000000743400000| PB 0x0000000743400000| Untracked 
|2046|0x00000007ffc00000, 0x00000007ffc00000, 0x00000007ffe00000|  0%| F|  |TAMS 0x00000007ffc00000| PB 0x00000007ffc00000| Untracked 
|2047|0x00000007ffe00000, 0x00000007ffe00000, 0x0000000800000000|  0%| F|  |TAMS 0x00000007ffe00000| PB 0x00000007ffe00000| Untracked 

Card table byte_map: [0x0000011bab1a0000,0x0000011bab9a0000] _byte_map_base: 0x0000011ba79a0000

Marking Bits: (CMBitMap*) 0x0000011b92d34d20
 Bits: [0x0000011bab9a0000, 0x0000011baf9a0000)

Polling page: 0x0000011b90bb0000

Metaspace:

Usage:
  Non-class:    140.67 MB used.
      Class:     19.79 MB used.
       Both:    160.46 MB used.

Virtual space:
  Non-class space:      192.00 MB reserved,     141.88 MB ( 74%) committed,  3 nodes.
      Class space:        1.00 GB reserved,      21.06 MB (  2%) committed,  1 nodes.
             Both:        1.19 GB reserved,     162.94 MB ( 13%) committed. 

Chunk freelists:
   Non-Class:  1.38 MB
       Class:  10.91 MB
        Both:  12.28 MB

MaxMetaspaceSize: unlimited
CompressedClassSpaceSize: 1.00 GB
Initial GC threshold: 21.00 MB
Current GC threshold: 271.56 MB
CDS: on
 - commit_granule_bytes: 65536.
 - commit_granule_words: 8192.
 - virtual_space_node_default_size: 8388608.
 - enlarge_chunks_in_place: 1.
 - use_allocation_guard: 0.


Internal statistics:

num_allocs_failed_limit: 6.
num_arena_births: 4874.
num_arena_deaths: 322.
num_vsnodes_births: 4.
num_vsnodes_deaths: 0.
num_space_committed: 2605.
num_space_uncommitted: 0.
num_chunks_returned_to_freelist: 491.
num_chunks_taken_from_freelist: 12131.
num_chunk_merges: 232.
num_chunk_splits: 8286.
num_chunks_enlarged: 5755.
num_inconsistent_stats: 0.

CodeHeap 'non-profiled nmethods': size=120000Kb used=16679Kb max_used=16981Kb free=103320Kb
 bounds [0x0000011ba2f20000, 0x0000011ba3fc0000, 0x0000011baa450000]
CodeHeap 'profiled nmethods': size=120000Kb used=55787Kb max_used=57508Kb free=64212Kb
 bounds [0x0000011b9b450000, 0x0000011b9ec80000, 0x0000011ba2980000]
CodeHeap 'non-nmethods': size=5760Kb used=2828Kb max_used=2905Kb free=2931Kb
 bounds [0x0000011ba2980000, 0x0000011ba2c70000, 0x0000011ba2f20000]
 total_blobs=23081 nmethods=21949 adapters=1033
 compilation: enabled
              stopped_count=0, restarted_count=0
 full_count=0

Compilation events (20 events):
Event: 25.444 Thread 0x0000011bb261bfb0 nmethod 29526 0x0000011ba3473190 code [0x0000011ba34736a0, 0x0000011ba34775c8]
Event: 25.444 Thread 0x0000011bb261bfb0 29527 % !   4       org.jetbrains.kotlin.incremental.classpathDiff.ClasspathEntrySnapshotter::snapshot @ 127 (564 bytes)
Event: 25.473 Thread 0x0000011bb261bfb0 nmethod 29527% 0x0000011ba3509b10 code [0x0000011ba3509f20, 0x0000011ba350c518]
Event: 25.474 Thread 0x0000011bb261bfb0 29524       4       java.lang.ClassLoader::createOrGetClassLoaderValueMap (37 bytes)
Event: 25.474 Thread 0x0000011bb261bfb0 nmethod 29524 0x0000011ba335f010 code [0x0000011ba335f1a0, 0x0000011ba335f308]
Event: 25.605 Thread 0x0000011bb261bfb0 29528 % !   4       org.jetbrains.kotlin.incremental.classpathDiff.ClasspathEntrySnapshotter::snapshot @ 389 (564 bytes)
Event: 25.606 Thread 0x0000011bb2627220 29529       3       kotlin.collections.MapsKt__MapsKt::putAll (65 bytes)
Event: 25.607 Thread 0x0000011bb2627220 nmethod 29529 0x0000011b9c99d110 code [0x0000011b9c99d400, 0x0000011b9c99e310]
Event: 25.612 Thread 0x0000011bb261bfb0 nmethod 29528% 0x0000011ba36c1610 code [0x0000011ba36c18a0, 0x0000011ba36c2498]
Event: 25.612 Thread 0x0000011bb261bfb0 29530       4       java.io.BufferedOutputStream::flushBuffer (29 bytes)
Event: 25.613 Thread 0x0000011bb261bfb0 nmethod 29530 0x0000011ba3022a90 code [0x0000011ba3022c20, 0x0000011ba3022cf0]
Event: 25.622 Thread 0x0000011bb2627220 29531       3       java.nio.channels.Channels::newOutputStream (12 bytes)
Event: 25.622 Thread 0x0000011bb2627220 nmethod 29531 0x0000011b9c19e010 code [0x0000011b9c19e220, 0x0000011b9c19e998]
Event: 25.623 Thread 0x0000011bb2627220 29532       3       sun.nio.ch.Streams::of (30 bytes)
Event: 25.623 Thread 0x0000011bb2627220 nmethod 29532 0x0000011b9bbff890 code [0x0000011b9bbffa80, 0x0000011b9bc00010]
Event: 25.633 Thread 0x0000011bb261bfb0 29533 % !   4       java.util.jar.Attributes::read @ 12 (494 bytes)
Event: 25.634 Thread 0x0000011bb2627220 29534       3       java.util.HashMap$EntrySpliterator::characteristics (30 bytes)
Event: 25.634 Thread 0x0000011bb2627220 nmethod 29534 0x0000011b9c4eb190 code [0x0000011b9c4eb340, 0x0000011b9c4eb4f0]
Event: 25.637 Thread 0x0000011bb2627220 29535       3       sun.util.logging.internal.LoggingProviderImpl$JULWrapper::toJUL (40 bytes)
Event: 25.637 Thread 0x0000011bb2627220 nmethod 29535 0x0000011b9ba41310 code [0x0000011b9ba414c0, 0x0000011b9ba41678]

GC Heap History (20 events):
Event: 20.116 GC heap after
{Heap after GC invocations=62 (full 0):
 garbage-first heap   total 638976K, used 141523K [0x0000000700000000, 0x0000000800000000)
  region size 2048K, 10 young (20480K), 10 survivors (20480K)
 Metaspace       used 158044K, committed 161024K, reserved 1245184K
  class space    used 19563K, committed 20992K, reserved 1048576K
}
Event: 24.392 GC heap before
{Heap before GC invocations=62 (full 0):
 garbage-first heap   total 638976K, used 501971K [0x0000000700000000, 0x0000000800000000)
  region size 2048K, 187 young (382976K), 10 survivors (20480K)
 Metaspace       used 164046K, committed 166656K, reserved 1245184K
  class space    used 20259K, committed 21568K, reserved 1048576K
}
Event: 24.403 GC heap after
{Heap after GC invocations=63 (full 0):
 garbage-first heap   total 638976K, used 141499K [0x0000000700000000, 0x0000000800000000)
  region size 2048K, 11 young (22528K), 11 survivors (22528K)
 Metaspace       used 164046K, committed 166656K, reserved 1245184K
  class space    used 20259K, committed 21568K, reserved 1048576K
}
Event: 24.542 GC heap before
{Heap before GC invocations=63 (full 0):
 garbage-first heap   total 638976K, used 499899K [0x0000000700000000, 0x0000000800000000)
  region size 2048K, 187 young (382976K), 11 survivors (22528K)
 Metaspace       used 164119K, committed 166656K, reserved 1245184K
  class space    used 20261K, committed 21568K, reserved 1048576K
}
Event: 24.550 GC heap after
{Heap after GC invocations=64 (full 0):
 garbage-first heap   total 638976K, used 143881K [0x0000000700000000, 0x0000000800000000)
  region size 2048K, 13 young (26624K), 13 survivors (26624K)
 Metaspace       used 164119K, committed 166656K, reserved 1245184K
  class space    used 20261K, committed 21568K, reserved 1048576K
}
Event: 24.690 GC heap before
{Heap before GC invocations=64 (full 0):
 garbage-first heap   total 638976K, used 498185K [0x0000000700000000, 0x0000000800000000)
  region size 2048K, 187 young (382976K), 13 survivors (26624K)
 Metaspace       used 164221K, committed 166848K, reserved 1245184K
  class space    used 20264K, committed 21568K, reserved 1048576K
}
Event: 24.699 GC heap after
{Heap after GC invocations=65 (full 0):
 garbage-first heap   total 638976K, used 143227K [0x0000000700000000, 0x0000000800000000)
  region size 2048K, 12 young (24576K), 12 survivors (24576K)
 Metaspace       used 164221K, committed 166848K, reserved 1245184K
  class space    used 20264K, committed 21568K, reserved 1048576K
}
Event: 24.832 GC heap before
{Heap before GC invocations=66 (full 0):
 garbage-first heap   total 638976K, used 503675K [0x0000000700000000, 0x0000000800000000)
  region size 2048K, 187 young (382976K), 12 survivors (24576K)
 Metaspace       used 164254K, committed 166848K, reserved 1245184K
  class space    used 20264K, committed 21568K, reserved 1048576K
}
Event: 24.842 GC heap after
{Heap after GC invocations=67 (full 0):
 garbage-first heap   total 638976K, used 147667K [0x0000000700000000, 0x0000000800000000)
  region size 2048K, 12 young (24576K), 12 survivors (24576K)
 Metaspace       used 164254K, committed 166848K, reserved 1245184K
  class space    used 20264K, committed 21568K, reserved 1048576K
}
Event: 24.989 GC heap before
{Heap before GC invocations=67 (full 0):
 garbage-first heap   total 638976K, used 504019K [0x0000000700000000, 0x0000000800000000)
  region size 2048K, 187 young (382976K), 12 survivors (24576K)
 Metaspace       used 164299K, committed 166848K, reserved 1245184K
  class space    used 20264K, committed 21568K, reserved 1048576K
}
Event: 25.000 GC heap after
{Heap after GC invocations=68 (full 0):
 garbage-first heap   total 638976K, used 147799K [0x0000000700000000, 0x0000000800000000)
  region size 2048K, 14 young (28672K), 14 survivors (28672K)
 Metaspace       used 164299K, committed 166848K, reserved 1245184K
  class space    used 20264K, committed 21568K, reserved 1048576K
}
Event: 25.143 GC heap before
{Heap before GC invocations=68 (full 0):
 garbage-first heap   total 638976K, used 508247K [0x0000000700000000, 0x0000000800000000)
  region size 2048K, 187 young (382976K), 14 survivors (28672K)
 Metaspace       used 164313K, committed 166848K, reserved 1245184K
  class space    used 20264K, committed 21568K, reserved 1048576K
}
Event: 25.153 GC heap after
{Heap after GC invocations=69 (full 0):
 garbage-first heap   total 1107968K, used 159682K [0x0000000700000000, 0x0000000800000000)
  region size 2048K, 17 young (34816K), 17 survivors (34816K)
 Metaspace       used 164313K, committed 166848K, reserved 1245184K
  class space    used 20264K, committed 21568K, reserved 1048576K
}
Event: 25.306 GC heap before
{Heap before GC invocations=69 (full 0):
 garbage-first heap   total 1107968K, used 786370K [0x0000000700000000, 0x0000000800000000)
  region size 2048K, 324 young (663552K), 17 survivors (34816K)
 Metaspace       used 164313K, committed 166848K, reserved 1245184K
  class space    used 20264K, committed 21568K, reserved 1048576K
}
Event: 25.317 GC heap after
{Heap after GC invocations=70 (full 0):
 garbage-first heap   total 1107968K, used 171570K [0x0000000700000000, 0x0000000800000000)
  region size 2048K, 23 young (47104K), 23 survivors (47104K)
 Metaspace       used 164313K, committed 166848K, reserved 1245184K
  class space    used 20264K, committed 21568K, reserved 1048576K
}
Event: 25.428 GC heap before
{Heap before GC invocations=70 (full 0):
 garbage-first heap   total 1107968K, used 792114K [0x0000000700000000, 0x0000000800000000)
  region size 2048K, 324 young (663552K), 23 survivors (47104K)
 Metaspace       used 164313K, committed 166848K, reserved 1245184K
  class space    used 20264K, committed 21568K, reserved 1048576K
}
Event: 25.441 GC heap after
{Heap after GC invocations=71 (full 0):
 garbage-first heap   total 1107968K, used 188450K [0x0000000700000000, 0x0000000800000000)
  region size 2048K, 23 young (47104K), 23 survivors (47104K)
 Metaspace       used 164313K, committed 166848K, reserved 1245184K
  class space    used 20264K, committed 21568K, reserved 1048576K
}
Event: 25.530 GC heap before
{Heap before GC invocations=71 (full 0):
 garbage-first heap   total 1107968K, used 804898K [0x0000000700000000, 0x0000000800000000)
  region size 2048K, 324 young (663552K), 23 survivors (47104K)
 Metaspace       used 164313K, committed 166848K, reserved 1245184K
  class space    used 20264K, committed 21568K, reserved 1048576K
}
Event: 25.539 GC heap after
{Heap after GC invocations=72 (full 0):
 garbage-first heap   total 1107968K, used 198901K [0x0000000700000000, 0x0000000800000000)
  region size 2048K, 26 young (53248K), 26 survivors (53248K)
 Metaspace       used 164313K, committed 166848K, reserved 1245184K
  class space    used 20264K, committed 21568K, reserved 1048576K
}
Event: 25.638 GC heap before
{Heap before GC invocations=72 (full 0):
 garbage-first heap   total 1107968K, used 809205K [0x0000000700000000, 0x0000000800000000)
  region size 2048K, 324 young (663552K), 26 survivors (53248K)
 Metaspace       used 164315K, committed 166848K, reserved 1245184K
  class space    used 20264K, committed 21568K, reserved 1048576K
}

Dll operation events (16 events):
Event: 0.007 Loaded shared library C:\Program Files\Zulu\zulu-21\bin\java.dll
Event: 0.022 Loaded shared library C:\Program Files\Zulu\zulu-21\bin\jsvml.dll
Event: 0.039 Loaded shared library C:\Program Files\Zulu\zulu-21\bin\zip.dll
Event: 0.042 Loaded shared library C:\Program Files\Zulu\zulu-21\bin\instrument.dll
Event: 0.044 Loaded shared library C:\Program Files\Zulu\zulu-21\bin\net.dll
Event: 0.045 Loaded shared library C:\Program Files\Zulu\zulu-21\bin\nio.dll
Event: 0.047 Loaded shared library C:\Program Files\Zulu\zulu-21\bin\zip.dll
Event: 0.159 Loaded shared library C:\Program Files\Zulu\zulu-21\bin\jimage.dll
Event: 0.247 Loaded shared library C:\Program Files\Zulu\zulu-21\bin\verify.dll
Event: 0.261 Loaded shared library C:\Users\yolki\.gradle\native\660c5614fbf4a5f2a75b1949f50a0caf5cd603558e7d8a26e50b933a0cfb79d1\windows-amd64\native-platform.dll
Event: 0.266 Loaded shared library C:\Users\yolki\.gradle\native\0.2.8\x86_64-windows-gnu\gradle-fileevents.dll
Event: 0.769 Loaded shared library C:\Program Files\Zulu\zulu-21\bin\management.dll
Event: 0.770 Loaded shared library C:\Program Files\Zulu\zulu-21\bin\management_ext.dll
Event: 0.844 Loaded shared library C:\Program Files\Zulu\zulu-21\bin\extnet.dll
Event: 0.957 Loaded shared library C:\Program Files\Zulu\zulu-21\bin\sunmscapi.dll
Event: 20.752 Loaded shared library C:\Program Files\Zulu\zulu-21\bin\rmi.dll

Deoptimization events (20 events):
Event: 25.030 Thread 0x0000011c0d0eba90 DEOPT PACKING pc=0x0000011ba33cd980 sp=0x00000002c68f7860
Event: 25.030 Thread 0x0000011c0d0eba90 DEOPT UNPACKING pc=0x0000011ba29d7da2 sp=0x00000002c68f78c0 mode 2
Event: 25.034 Thread 0x0000011c0d0eba90 DEOPT PACKING pc=0x0000011b9c3bec99 sp=0x00000002c68f7540
Event: 25.034 Thread 0x0000011c0d0eba90 DEOPT UNPACKING pc=0x0000011ba29d88e2 sp=0x00000002c68f6a28 mode 0
Event: 25.112 Thread 0x0000011c0d0ec7b0 DEOPT PACKING pc=0x0000011b9eb539c5 sp=0x00000002c66f88a0
Event: 25.112 Thread 0x0000011c0d0ec7b0 DEOPT UNPACKING pc=0x0000011ba29d88e2 sp=0x00000002c66f7d38 mode 0
Event: 25.119 Thread 0x0000011c0d0ec7b0 DEOPT PACKING pc=0x0000011b9ebfdfe9 sp=0x00000002c66f7fa0
Event: 25.119 Thread 0x0000011c0d0ec7b0 DEOPT UNPACKING pc=0x0000011ba29d88e2 sp=0x00000002c66f74c8 mode 0
Event: 25.269 Thread 0x0000011c0d0eb400 DEOPT PACKING pc=0x0000011b9ec04f17 sp=0x00000002c55f7160
Event: 25.269 Thread 0x0000011c0d0eb400 DEOPT UNPACKING pc=0x0000011ba29d88e2 sp=0x00000002c55f6660 mode 0
Event: 25.371 Thread 0x0000011c0d0ec120 DEOPT PACKING pc=0x0000011b9c31a1be sp=0x00000002c65f7d80
Event: 25.371 Thread 0x0000011c0d0ec120 DEOPT UNPACKING pc=0x0000011ba29d88e2 sp=0x00000002c65f72a0 mode 0
Event: 25.377 Thread 0x0000011c0d0eba90 DEOPT PACKING pc=0x0000011b9c31a1be sp=0x00000002c68f7d80
Event: 25.377 Thread 0x0000011c0d0eba90 DEOPT UNPACKING pc=0x0000011ba29d88e2 sp=0x00000002c68f72a0 mode 0
Event: 25.606 Thread 0x0000011c0d0ec7b0 DEOPT PACKING pc=0x0000011b9ec21817 sp=0x00000002c66f7f60
Event: 25.606 Thread 0x0000011c0d0ec7b0 DEOPT UNPACKING pc=0x0000011ba29d88e2 sp=0x00000002c66f7468 mode 0
Event: 25.636 Thread 0x0000011c0d0ec7b0 Uncommon trap: trap_request=0xffffff76 fr.pc=0x0000011ba3717acc relative=0x00000000000009ac
Event: 25.636 Thread 0x0000011c0d0ec7b0 Uncommon trap: reason=predicate action=maybe_recompile pc=0x0000011ba3717acc method=java.util.ComparableTimSort.reverseRange([Ljava/lang/Object;II)V @ 5 c2
Event: 25.636 Thread 0x0000011c0d0ec7b0 DEOPT PACKING pc=0x0000011ba3717acc sp=0x00000002c66f8720
Event: 25.636 Thread 0x0000011c0d0ec7b0 DEOPT UNPACKING pc=0x0000011ba29d7da2 sp=0x00000002c66f8660 mode 2

Classes loaded (20 events):
Event: 20.810 Loading class sun/rmi/transport/Transport$1
Event: 20.810 Loading class sun/rmi/transport/Transport$1 done
Event: 20.810 Loading class sun/rmi/transport/DGCImpl$LeaseInfo
Event: 20.810 Loading class sun/rmi/transport/DGCImpl$LeaseInfo done
Event: 20.810 Loading class sun/rmi/transport/DGCImpl$1
Event: 20.810 Loading class sun/rmi/transport/DGCImpl$1 done
Event: 20.810 Loading class sun/rmi/transport/SequenceEntry
Event: 20.810 Loading class sun/rmi/transport/SequenceEntry done
Event: 23.721 Loading class java/util/Collections$UnmodifiableSortedMap
Event: 23.721 Loading class java/util/Collections$UnmodifiableSortedMap done
Event: 23.723 Loading class java/util/zip/Deflater
Event: 23.723 Loading class java/util/zip/Deflater done
Event: 23.724 Loading class java/util/zip/Deflater$DeflaterZStreamRef
Event: 23.724 Loading class java/util/zip/Deflater$DeflaterZStreamRef done
Event: 23.740 Loading class java/nio/StringCharBuffer
Event: 23.741 Loading class java/nio/StringCharBuffer done
Event: 23.744 Loading class java/nio/file/Files$2
Event: 23.744 Loading class java/nio/file/Files$2 done
Event: 24.405 Loading class sun/rmi/transport/DGCClient$EndpointEntry$CleanRequest
Event: 24.405 Loading class sun/rmi/transport/DGCClient$EndpointEntry$CleanRequest done

Classes unloaded (20 events):
Event: 19.514 Thread 0x0000011bb25e0d90 Unloading class 0x0000011bb535d000 'java/lang/invoke/LambdaForm$MH+0x0000011bb535d000'
Event: 19.514 Thread 0x0000011bb25e0d90 Unloading class 0x0000011bb535cc00 'java/lang/invoke/LambdaForm$MH+0x0000011bb535cc00'
Event: 19.514 Thread 0x0000011bb25e0d90 Unloading class 0x0000011bb535c800 'java/lang/invoke/LambdaForm$MH+0x0000011bb535c800'
Event: 19.514 Thread 0x0000011bb25e0d90 Unloading class 0x0000011bb535c400 'java/lang/invoke/LambdaForm$MH+0x0000011bb535c400'
Event: 19.514 Thread 0x0000011bb25e0d90 Unloading class 0x0000011bb535c000 'java/lang/invoke/LambdaForm$MH+0x0000011bb535c000'
Event: 19.514 Thread 0x0000011bb25e0d90 Unloading class 0x0000011bb535bc00 'java/lang/invoke/LambdaForm$MH+0x0000011bb535bc00'
Event: 19.514 Thread 0x0000011bb25e0d90 Unloading class 0x0000011bb535b800 'java/lang/invoke/LambdaForm$MH+0x0000011bb535b800'
Event: 19.514 Thread 0x0000011bb25e0d90 Unloading class 0x0000011bb535b400 'java/lang/invoke/LambdaForm$MH+0x0000011bb535b400'
Event: 19.514 Thread 0x0000011bb25e0d90 Unloading class 0x0000011bb535b000 'java/lang/invoke/LambdaForm$MH+0x0000011bb535b000'
Event: 19.514 Thread 0x0000011bb25e0d90 Unloading class 0x0000011bb535ac00 'java/lang/invoke/LambdaForm$MH+0x0000011bb535ac00'
Event: 19.514 Thread 0x0000011bb25e0d90 Unloading class 0x0000011bb535a400 'java/lang/invoke/LambdaForm$MH+0x0000011bb535a400'
Event: 19.514 Thread 0x0000011bb25e0d90 Unloading class 0x0000011bb535a000 'java/lang/invoke/LambdaForm$MH+0x0000011bb535a000'
Event: 19.514 Thread 0x0000011bb25e0d90 Unloading class 0x0000011bb5359c00 'java/lang/invoke/LambdaForm$MH+0x0000011bb5359c00'
Event: 19.514 Thread 0x0000011bb25e0d90 Unloading class 0x0000011bb5359400 'java/lang/invoke/LambdaForm$MH+0x0000011bb5359400'
Event: 19.514 Thread 0x0000011bb25e0d90 Unloading class 0x0000011bb5359800 'java/lang/invoke/LambdaForm$MH+0x0000011bb5359800'
Event: 19.514 Thread 0x0000011bb25e0d90 Unloading class 0x0000011bb5358800 'java/lang/invoke/LambdaForm$MH+0x0000011bb5358800'
Event: 19.514 Thread 0x0000011bb25e0d90 Unloading class 0x0000011bb5358c00 'java/lang/invoke/LambdaForm$MH+0x0000011bb5358c00'
Event: 19.514 Thread 0x0000011bb25e0d90 Unloading class 0x0000011bb5359000 'java/lang/invoke/LambdaForm$MH+0x0000011bb5359000'
Event: 19.514 Thread 0x0000011bb25e0d90 Unloading class 0x0000011bb5358000 'java/lang/invoke/LambdaForm$MH+0x0000011bb5358000'
Event: 19.514 Thread 0x0000011bb25e0d90 Unloading class 0x0000011bb5358400 'java/lang/invoke/LambdaForm$MH+0x0000011bb5358400'

Classes redefined (0 events):
No events

Internal exceptions (20 events):
Event: 20.747 Thread 0x0000011bff355db0 Exception <a 'java/lang/NoSuchMethodError'{0x0000000722b8d0b8}: static Lorg/jetbrains/kotlin/daemon/common/LoopbackNetworkInterface$AbstractClientLoopbackSocketFactory;.<clinit>()V> (0x0000000722b8d0b8) 
thrown [s\src\hotspot\share\prims\jni.cpp, line 1111]
Event: 20.747 Thread 0x0000011bff355db0 Exception <a 'java/lang/NoSuchMethodError'{0x0000000722b992b0}: static Lorg/jetbrains/kotlin/daemon/common/LoopbackNetworkInterface$ClientLoopbackSocketFactory;.<clinit>()V> (0x0000000722b992b0) 
thrown [s\src\hotspot\share\prims\jni.cpp, line 1111]
Event: 20.754 Thread 0x0000011bff355db0 Exception <a 'java/lang/NoSuchMethodError'{0x000000072286e010}: static [Ljava/rmi/server/ObjID;.<clinit>()V> (0x000000072286e010) 
thrown [s\src\hotspot\share\prims\jni.cpp, line 1111]
Event: 20.755 Thread 0x0000011bff355db0 Exception <a 'java/lang/NoSuchMethodError'{0x00000007228923d8}: static [B.<clinit>()V> (0x00000007228923d8) 
thrown [s\src\hotspot\share\prims\jni.cpp, line 1111]
Event: 20.759 Thread 0x0000011bff359230 Exception <a 'java/lang/NoSuchMethodError'{0x00000007228cb220}: 'java.lang.Object java.lang.invoke.DirectMethodHandle$Holder.invokeSpecial(java.lang.Object, java.lang.Object, int, java.lang.Object, long)'> (0x00000007228cb220) 
thrown [s\src\hotspot\share\interpreter\linkResolver.cpp, line 773]
Event: 20.760 Thread 0x0000011bff359230 Exception <a 'java/lang/NoSuchMethodError'{0x00000007228d1b18}: 'java.lang.Object java.lang.invoke.DirectMethodHandle$Holder.newInvokeSpecial(java.lang.Object, java.lang.Object, int, java.lang.Object, long)'> (0x00000007228d1b18) 
thrown [s\src\hotspot\share\interpreter\linkResolver.cpp, line 773]
Event: 20.769 Thread 0x0000011bff355db0 Exception <a 'java/lang/NoSuchMethodError'{0x00000007229300e0}: static Lorg/jetbrains/kotlin/daemon/common/CompileService$CallResult;.<clinit>()V> (0x00000007229300e0) 
thrown [s\src\hotspot\share\prims\jni.cpp, line 1111]
Event: 20.769 Thread 0x0000011bff355db0 Exception <a 'java/lang/NoSuchMethodError'{0x000000072293c130}: static Lorg/jetbrains/kotlin/daemon/common/CompileService$CallResult$Good;.<clinit>()V> (0x000000072293c130) 
thrown [s\src\hotspot\share\prims\jni.cpp, line 1111]
Event: 20.769 Thread 0x0000011bff355db0 Exception <a 'java/lang/NoSuchMethodError'{0x00000007229491a0}: static Lorg/jetbrains/kotlin/daemon/common/DaemonJVMOptions;.<clinit>()V> (0x00000007229491a0) 
thrown [s\src\hotspot\share\prims\jni.cpp, line 1111]
Event: 20.772 Thread 0x0000011bff355db0 Exception <a 'java/lang/NoSuchMethodError'{0x0000000722963700}: static Lorg/jetbrains/kotlin/daemon/common/CompileService$CallResult$Ok;.<clinit>()V> (0x0000000722963700) 
thrown [s\src\hotspot\share\prims\jni.cpp, line 1111]
Event: 20.785 Thread 0x0000011bff355db0 Exception <a 'java/lang/NoSuchMethodError'{0x00000007227733d0}: static [Ljava/lang/Integer;.<clinit>()V> (0x00000007227733d0) 
thrown [s\src\hotspot\share\prims\jni.cpp, line 1111]
Event: 23.397 Thread 0x0000011bff357160 Exception <a 'java/lang/NoSuchMethodError'{0x0000000722517dd0}: 'void java.lang.invoke.DirectMethodHandle$Holder.invokeInterface(java.lang.Object, java.lang.Object, int, java.lang.Object)'> (0x0000000722517dd0) 
thrown [s\src\hotspot\share\interpreter\linkResolver.cpp, line 773]
Event: 23.397 Thread 0x0000011bff357160 Exception <a 'java/lang/NoSuchMethodError'{0x000000072251b418}: 'void java.lang.invoke.DelegatingMethodHandle$Holder.reinvoke_L(java.lang.Object, java.lang.Object, int, java.lang.Object)'> (0x000000072251b418) 
thrown [s\src\hotspot\share\interpreter\linkResolver.cpp, line 773]
Event: 23.401 Thread 0x0000011bff357160 Exception <a 'java/lang/NoSuchMethodError'{0x00000007225cf610}: 'void java.lang.invoke.DelegatingMethodHandle$Holder.reinvoke_L(java.lang.Object, java.lang.Object, int, int, java.lang.Object, java.lang.Object)'> (0x00000007225cf610) 
thrown [s\src\hotspot\share\interpreter\linkResolver.cpp, line 773]
Event: 23.706 Thread 0x0000011c0d0ee1f0 Exception <a 'sun/nio/fs/WindowsException'{0x000000072209afd8}> (0x000000072209afd8) 
thrown [s\src\hotspot\share\prims\jni.cpp, line 520]
Event: 23.707 Thread 0x0000011c0d0ee1f0 Exception <a 'sun/nio/fs/WindowsException'{0x000000072209d328}> (0x000000072209d328) 
thrown [s\src\hotspot\share\prims\jni.cpp, line 520]
Event: 23.707 Thread 0x0000011c0d0ee1f0 Exception <a 'sun/nio/fs/WindowsException'{0x000000072209f418}> (0x000000072209f418) 
thrown [s\src\hotspot\share\prims\jni.cpp, line 520]
Event: 23.707 Thread 0x0000011c0d0ee1f0 Exception <a 'sun/nio/fs/WindowsException'{0x00000007220a11e0}> (0x00000007220a11e0) 
thrown [s\src\hotspot\share\prims\jni.cpp, line 520]
Event: 24.407 Thread 0x0000011bff359230 Implicit null exception at 0x0000011ba32b0ea8 to 0x0000011ba32b0f7c
Event: 24.701 Thread 0x0000011c0d0eb400 Implicit null exception at 0x0000011ba3f9fad3 to 0x0000011ba3f9ff09

ZGC Phase Switch (0 events):
No events

VM Operations (20 events):
Event: 24.842 Executing VM operation: G1CollectForAllocation (GCLocker Initiated GC) done
Event: 24.989 Executing VM operation: G1CollectForAllocation (G1 Evacuation Pause)
Event: 24.989 Executing VM operation: G1CollectForAllocation (G1 Evacuation Pause) done
Event: 24.989 Executing VM operation: G1CollectForAllocation (GCLocker Initiated GC)
Event: 25.000 Executing VM operation: G1CollectForAllocation (GCLocker Initiated GC) done
Event: 25.143 Executing VM operation: G1CollectForAllocation (G1 Evacuation Pause)
Event: 25.153 Executing VM operation: G1CollectForAllocation (G1 Evacuation Pause) done
Event: 25.306 Executing VM operation: G1CollectForAllocation (G1 Evacuation Pause)
Event: 25.306 Executing VM operation: G1CollectForAllocation (G1 Evacuation Pause) done
Event: 25.306 Executing VM operation: G1CollectForAllocation (GCLocker Initiated GC)
Event: 25.317 Executing VM operation: G1CollectForAllocation (GCLocker Initiated GC) done
Event: 25.427 Executing VM operation: G1CollectForAllocation (G1 Evacuation Pause)
Event: 25.428 Executing VM operation: G1CollectForAllocation (G1 Evacuation Pause) done
Event: 25.428 Executing VM operation: G1CollectForAllocation (GCLocker Initiated GC)
Event: 25.441 Executing VM operation: G1CollectForAllocation (GCLocker Initiated GC) done
Event: 25.530 Executing VM operation: G1CollectForAllocation (G1 Evacuation Pause)
Event: 25.539 Executing VM operation: G1CollectForAllocation (G1 Evacuation Pause) done
Event: 25.638 Executing VM operation: G1CollectForAllocation (G1 Evacuation Pause)
Event: 25.638 Executing VM operation: G1CollectForAllocation (G1 Evacuation Pause) done
Event: 25.638 Executing VM operation: G1CollectForAllocation (GCLocker Initiated GC)

Events (20 events):
Event: 24.757 Thread 0x0000011bb25e0d90 flushing nmethod 0x0000011ba302e390
Event: 24.757 Thread 0x0000011bb25e0d90 flushing nmethod 0x0000011ba3022a90
Event: 24.757 Thread 0x0000011bb25e0d90 flushing nmethod 0x0000011ba3007710
Event: 24.757 Thread 0x0000011bb25e0d90 flushing nmethod 0x0000011ba3018d10
Event: 24.757 Thread 0x0000011bb25e0d90 flushing nmethod 0x0000011ba3018990
Event: 24.757 Thread 0x0000011bb25e0d90 flushing nmethod 0x0000011ba3017c10
Event: 24.757 Thread 0x0000011bb25e0d90 flushing nmethod 0x0000011ba3004090
Event: 24.757 Thread 0x0000011bb25e0d90 flushing nmethod 0x0000011ba2feb890
Event: 24.757 Thread 0x0000011bb25e0d90 flushing nmethod 0x0000011ba2fd9e90
Event: 24.757 Thread 0x0000011bb25e0d90 flushing nmethod 0x0000011ba2fcfe10
Event: 24.757 Thread 0x0000011bb25e0d90 flushing nmethod 0x0000011ba2fc4010
Event: 24.757 Thread 0x0000011bb25e0d90 flushing nmethod 0x0000011ba2fd3890
Event: 24.757 Thread 0x0000011bb25e0d90 flushing nmethod 0x0000011ba2f9c190
Event: 24.757 Thread 0x0000011bb25e0d90 flushing nmethod 0x0000011ba2f6de10
Event: 24.757 Thread 0x0000011bb25e0d90 flushing nmethod 0x0000011ba2f42910
Event: 24.757 Thread 0x0000011bb25e0d90 flushing nmethod 0x0000011ba2f5d910
Event: 24.757 Thread 0x0000011bb25e0d90 flushing nmethod 0x0000011ba2f4cc10
Event: 24.757 Thread 0x0000011bb25e0d90 flushing nmethod 0x0000011ba2f27b90
Event: 25.269 Thread 0x0000011c0b6adc20 Thread exited: 0x0000011c0b6adc20
Event: 25.362 Thread 0x0000011c0b6a9ed0 Thread exited: 0x0000011c0b6a9ed0


Dynamic libraries:
0x00007ff642060000 - 0x00007ff64206e000 	C:\Program Files\Zulu\zulu-21\bin\java.exe
0x00007ff82e060000 - 0x00007ff82e2c7000 	C:\WINDOWS\SYSTEM32\ntdll.dll
0x00007ff82c580000 - 0x00007ff82c649000 	C:\WINDOWS\System32\KERNEL32.DLL
0x00007ff82b7a0000 - 0x00007ff82bb8f000 	C:\WINDOWS\System32\KERNELBASE.dll
0x00007ff82b370000 - 0x00007ff82b4bb000 	C:\WINDOWS\System32\ucrtbase.dll
0x00007ff80e6e0000 - 0x00007ff80e6fb000 	C:\Program Files\Zulu\zulu-21\bin\VCRUNTIME140.dll
0x00007ff8228c0000 - 0x00007ff8228d9000 	C:\Program Files\Zulu\zulu-21\bin\jli.dll
0x00007ff82c650000 - 0x00007ff82c815000 	C:\WINDOWS\System32\USER32.dll
0x00007ff82bc50000 - 0x00007ff82bc77000 	C:\WINDOWS\System32\win32u.dll
0x00007ff80c130000 - 0x00007ff80c3c3000 	C:\WINDOWS\WinSxS\amd64_microsoft.windows.common-controls_6595b64144ccf1df_6.0.26100.7309_none_3e05feeae336a044\COMCTL32.dll
0x00007ff82be10000 - 0x00007ff82be3b000 	C:\WINDOWS\System32\GDI32.dll
0x00007ff82cb50000 - 0x00007ff82cbf9000 	C:\WINDOWS\System32\msvcrt.dll
0x00007ff82b240000 - 0x00007ff82b36c000 	C:\WINDOWS\System32\gdi32full.dll
0x00007ff82b6f0000 - 0x00007ff82b793000 	C:\WINDOWS\System32\msvcp_win.dll
0x00007ff82d650000 - 0x00007ff82d681000 	C:\WINDOWS\System32\IMM32.DLL
0x00007ff825cc0000 - 0x00007ff825ccc000 	C:\Program Files\Zulu\zulu-21\bin\vcruntime140_1.dll
0x00007fffd1180000 - 0x00007fffd120e000 	C:\Program Files\Zulu\zulu-21\bin\msvcp140.dll
0x00007fff17340000 - 0x00007fff180d4000 	C:\Program Files\Zulu\zulu-21\bin\server\jvm.dll
0x00007ff82d500000 - 0x00007ff82d5b4000 	C:\WINDOWS\System32\ADVAPI32.dll
0x00007ff82c4d0000 - 0x00007ff82c576000 	C:\WINDOWS\System32\sechost.dll
0x00007ff82cde0000 - 0x00007ff82cef8000 	C:\WINDOWS\System32\RPCRT4.dll
0x00007ff82d6e0000 - 0x00007ff82d754000 	C:\WINDOWS\System32\WS2_32.dll
0x00007ff81bf60000 - 0x00007ff81bf95000 	C:\WINDOWS\SYSTEM32\WINMM.dll
0x00007ff82b010000 - 0x00007ff82b06e000 	C:\WINDOWS\SYSTEM32\POWRPROF.dll
0x00007ff8238c0000 - 0x00007ff8238cb000 	C:\WINDOWS\SYSTEM32\VERSION.dll
0x00007ff82aff0000 - 0x00007ff82b004000 	C:\WINDOWS\SYSTEM32\UMPDC.dll
0x00007ff829f20000 - 0x00007ff829f3b000 	C:\WINDOWS\SYSTEM32\kernel.appcore.dll
0x00007ff811320000 - 0x00007ff81132a000 	C:\Program Files\Zulu\zulu-21\bin\jimage.dll
0x00007ff812560000 - 0x00007ff8127a2000 	C:\WINDOWS\SYSTEM32\DBGHELP.DLL
0x00007ff82c010000 - 0x00007ff82c395000 	C:\WINDOWS\System32\combase.dll
0x00007ff82d420000 - 0x00007ff82d4f6000 	C:\WINDOWS\System32\OLEAUT32.dll
0x00007ff810990000 - 0x00007ff8109cc000 	C:\WINDOWS\SYSTEM32\dbgcore.DLL
0x00007ff82bba0000 - 0x00007ff82bc45000 	C:\WINDOWS\System32\bcryptPrimitives.dll
0x00007ffff9b10000 - 0x00007ffff9b1f000 	C:\Program Files\Zulu\zulu-21\bin\instrument.dll
0x00007ff80e6c0000 - 0x00007ff80e6df000 	C:\Program Files\Zulu\zulu-21\bin\java.dll
0x00007ff82d820000 - 0x00007ff82df73000 	C:\WINDOWS\System32\SHELL32.dll
0x00007ff82b4c0000 - 0x00007ff82b62a000 	C:\WINDOWS\System32\wintypes.dll
0x00007ff8288e0000 - 0x00007ff82913e000 	C:\WINDOWS\SYSTEM32\windows.storage.dll
0x00007ff82c8b0000 - 0x00007ff82c9a5000 	C:\WINDOWS\System32\SHCORE.dll
0x00007ff82cf00000 - 0x00007ff82cf66000 	C:\WINDOWS\System32\shlwapi.dll
0x00007ff82b0d0000 - 0x00007ff82b0f9000 	C:\WINDOWS\SYSTEM32\profapi.dll
0x00007fffd10a0000 - 0x00007fffd1177000 	C:\Program Files\Zulu\zulu-21\bin\jsvml.dll
0x00007ff808e20000 - 0x00007ff808e38000 	C:\Program Files\Zulu\zulu-21\bin\zip.dll
0x00007ff811300000 - 0x00007ff811310000 	C:\Program Files\Zulu\zulu-21\bin\net.dll
0x00007ff822900000 - 0x00007ff822a28000 	C:\WINDOWS\SYSTEM32\WINHTTP.dll
0x00007ff82a470000 - 0x00007ff82a4db000 	C:\WINDOWS\system32\mswsock.dll
0x00007ff80e660000 - 0x00007ff80e676000 	C:\Program Files\Zulu\zulu-21\bin\nio.dll
0x00007ff80e800000 - 0x00007ff80e810000 	C:\Program Files\Zulu\zulu-21\bin\verify.dll
0x00007fffb9490000 - 0x00007fffb94b7000 	C:\Users\yolki\.gradle\native\660c5614fbf4a5f2a75b1949f50a0caf5cd603558e7d8a26e50b933a0cfb79d1\windows-amd64\native-platform.dll
0x00007fffb3be0000 - 0x00007fffb3c57000 	C:\Users\yolki\.gradle\native\0.2.8\x86_64-windows-gnu\gradle-fileevents.dll
0x00007ff808e10000 - 0x00007ff808e1a000 	C:\Program Files\Zulu\zulu-21\bin\management.dll
0x00007ff808e00000 - 0x00007ff808e0b000 	C:\Program Files\Zulu\zulu-21\bin\management_ext.dll
0x00007ff82be00000 - 0x00007ff82be08000 	C:\WINDOWS\System32\PSAPI.DLL
0x00007ff829460000 - 0x00007ff829494000 	C:\WINDOWS\SYSTEM32\IPHLPAPI.DLL
0x00007ff82cf80000 - 0x00007ff82cf8a000 	C:\WINDOWS\System32\NSI.dll
0x00007ffffa960000 - 0x00007ffffa969000 	C:\Program Files\Zulu\zulu-21\bin\extnet.dll
0x00007ff82a860000 - 0x00007ff82a87b000 	C:\WINDOWS\SYSTEM32\CRYPTSP.dll
0x00007ff829e80000 - 0x00007ff829eba000 	C:\WINDOWS\system32\rsaenh.dll
0x00007ff82a520000 - 0x00007ff82a54b000 	C:\WINDOWS\SYSTEM32\USERENV.dll
0x00007ff82b0a0000 - 0x00007ff82b0ca000 	C:\WINDOWS\SYSTEM32\bcrypt.dll
0x00007ff82a6c0000 - 0x00007ff82a6cc000 	C:\WINDOWS\SYSTEM32\CRYPTBASE.dll
0x00007ffff8bd0000 - 0x00007ffff8bde000 	C:\Program Files\Zulu\zulu-21\bin\sunmscapi.dll
0x00007ff82bc80000 - 0x00007ff82bdf7000 	C:\WINDOWS\System32\CRYPT32.dll
0x00007ff82a9b0000 - 0x00007ff82a9e0000 	C:\WINDOWS\SYSTEM32\ncrypt.dll
0x00007ff82a960000 - 0x00007ff82a99f000 	C:\WINDOWS\SYSTEM32\NTASN1.dll
0x00007fff7c440000 - 0x00007fff7c448000 	C:\WINDOWS\system32\wshunix.dll
0x00007ffff8cd0000 - 0x00007ffff8cd7000 	C:\Program Files\Zulu\zulu-21\bin\rmi.dll

dbghelp: loaded successfully - version: 4.0.5 - missing functions: none
symbol engine: initialized successfully - sym options: 0x614 - pdb path: .;C:\Program Files\Zulu\zulu-21\bin;C:\WINDOWS\SYSTEM32;C:\WINDOWS\WinSxS\amd64_microsoft.windows.common-controls_6595b64144ccf1df_6.0.26100.7309_none_3e05feeae336a044;C:\Program Files\Zulu\zulu-21\bin\server;C:\Users\yolki\.gradle\native\660c5614fbf4a5f2a75b1949f50a0caf5cd603558e7d8a26e50b933a0cfb79d1\windows-amd64;C:\Users\yolki\.gradle\native\0.2.8\x86_64-windows-gnu

VM Arguments:
jvm_args: --add-opens=java.base/java.lang=ALL-UNNAMED --add-opens=java.base/java.lang.invoke=ALL-UNNAMED --add-opens=java.base/java.util=ALL-UNNAMED --add-opens=java.prefs/java.util.prefs=ALL-UNNAMED --add-exports=jdk.compiler/com.sun.tools.javac.api=ALL-UNNAMED --add-exports=jdk.compiler/com.sun.tools.javac.util=ALL-UNNAMED --add-opens=java.base/java.util=ALL-UNNAMED --add-opens=java.prefs/java.util.prefs=ALL-UNNAMED --add-opens=java.base/java.nio.charset=ALL-UNNAMED --add-opens=java.base/java.net=ALL-UNNAMED --add-opens=java.base/java.util.concurrent=ALL-UNNAMED --add-opens=java.base/java.util.concurrent.atomic=ALL-UNNAMED --add-opens=java.xml/javax.xml.namespace=ALL-UNNAMED --add-opens=java.base/java.time=ALL-UNNAMED -Xmx4G -Dfile.encoding=UTF-8 -Duser.country=RU -Duser.language=ru -Duser.variant -javaagent:C:\Users\yolki\.gradle\wrapper\dists\gradle-9.2.1-bin\2t0n5ozlw9xmuyvbp7dnzaxug\gradle-9.2.1\lib\agents\gradle-instrumentation-agent-9.2.1.jar 
java_command: org.gradle.launcher.daemon.bootstrap.GradleDaemon 9.2.1
java_class_path (initial): C:\Users\yolki\.gradle\wrapper\dists\gradle-9.2.1-bin\2t0n5ozlw9xmuyvbp7dnzaxug\gradle-9.2.1\lib\gradle-daemon-main-9.2.1.jar
Launcher Type: SUN_STANDARD

[Global flags]
     intx CICompilerCount                          = 4                                         {product} {ergonomic}
     uint ConcGCThreads                            = 3                                         {product} {ergonomic}
     uint G1ConcRefinementThreads                  = 10                                        {product} {ergonomic}
   size_t G1HeapRegionSize                         = 2097152                                   {product} {ergonomic}
    uintx GCDrainStackTargetSize                   = 64                                        {product} {ergonomic}
   size_t InitialHeapSize                          = 530579456                                 {product} {ergonomic}
   size_t MarkStackSize                            = 4194304                                   {product} {ergonomic}
   size_t MaxHeapSize                              = 4294967296                                {product} {command line}
   size_t MaxNewSize                               = 2575302656                                {product} {ergonomic}
   size_t MinHeapDeltaBytes                        = 2097152                                   {product} {ergonomic}
   size_t MinHeapSize                              = 8388608                                   {product} {ergonomic}
    uintx NonNMethodCodeHeapSize                   = 5839372                                {pd product} {ergonomic}
    uintx NonProfiledCodeHeapSize                  = 122909434                              {pd product} {ergonomic}
    uintx ProfiledCodeHeapSize                     = 122909434                              {pd product} {ergonomic}
    uintx ReservedCodeCacheSize                    = 251658240                              {pd product} {ergonomic}
     bool SegmentedCodeCache                       = true                                      {product} {ergonomic}
   size_t SoftMaxHeapSize                          = 4294967296                             {manageable} {ergonomic}
     bool UseCompressedOops                        = true                           {product lp64_product} {ergonomic}
     bool UseG1GC                                  = true                                      {product} {ergonomic}
     bool UseLargePagesIndividualAllocation        = false                                  {pd product} {ergonomic}

Logging:
Log output configuration:
 #0: stdout all=warning uptime,level,tags foldmultilines=false
 #1: stderr all=off uptime,level,tags foldmultilines=false

Environment Variables:
JAVA_HOME=C:\Program Files\Zulu\zulu-21
PATH=C:\Users\yolki\bin;C:\Program Files\Git\mingw64\bin;C:\Program Files\Git\usr\local\bin;C:\Program Files\Git\usr\bin;C:\Program Files\Git\usr\bin;C:\Program Files\Git\mingw64\bin;C:\Program Files\Git\usr\bin;C:\Users\yolki\bin;C:\Program Files\Zulu\zulu-25\bin;C:\Program Files\Zulu\zulu-24\bin;C:\Program Files\NVIDIA\CUDNN\v9.9\bin;C:\Program Files (x86)\VMware\VMware Workstation\bin;C:\Program Files\Zulu\zulu-21\bin;C:\Program Files\Python312\Scripts;C:\Program Files\Python312;C:\Program Files\NVIDIA GPU Computing Toolkit\CUDA\v12.3\bin;C:\Program Files\NVIDIA GPU Computing Toolkit\CUDA\v12.3\libnvvp;C:\Program Files (x86)\Common Files\Intel\Shared Libraries\redist\intel64\compiler;C:\Program Files\Microsoft MPI\Bin;C:\WINDOWS\system32;C:\WINDOWS;C:\WINDOWS\System32\Wbem;C:\WINDOWS\System32\WindowsPowerShell\v1.0;C:\WINDOWS\System32\OpenSSH;C:\Program Files (x86)\NVIDIA Corporation\PhysX\Common;C:\Program Files\WireGuard;C:\Program Files\dotnet;C:\Program Files (x86)\NetSarang\Xshell 7;C:\Program Files\NVIDIA Corporation\Nsight Compute 2023.3.1;C:\Program Files (x86)\Windows Kits\10\Windows Performance Toolkit;C:\Program Files\Git\cmd;C:\Program Files\NVIDIA Corporation\NVIDIA app\NvDLISR;C:\Program Files\PuTTY;C:\Program Files (x86)\NetSarang\Xshell 8;C:\Program Files (x86)\NetSarang\Xftp 8;Ñ;C:\Program Files\Git\Program Files (x86)\Nmap;C:\ProgramData\chocolatey\bin;C:\Program Files\OpenSSL-Win64\bin;C:\Program Files\WezTerm;C:\Program Files\kotlin-lsp;C:\Program Files\nodejs;C:\Program Files\Warp\bin;C:\Program Files\fd;C:\Users\yolki\Desktop\mpv;C:\Program Files\GitHub CLI;C:\Program Files\Docker\Docker\resources\bin;C:\Program Files\CMake\bin;C:\Program Files\NASM;C:\Strawberry\c\bin;C:\Strawberry\perl\site\bin;C:\Strawberry\perl\bin;C:\Users\yolki\.cargo\bin;C:\Program Files\NVIDIA GPU Computing Toolkit\CUDA\v12.3\extras\CUPTI\lib64;C:\Program Files\Zulu\zulu-25\bin;C:\Program Files\Zulu\zulu-24\bin;C:\Program Files\NVIDIA\CUDNN\v9.9\bin;C:\Program Files (x86)\VMware\VMware Workstation\bin;C:\Program Files\Zulu\zulu-21\bin;C:\Program Files\Python312\Scripts;C:\Program Files\Python312;C:\Program Files\NVIDIA GPU Computing Toolkit\CUDA\v12.3\bin;C:\Program Files\NVIDIA GPU Computing Toolkit\CUDA\v12.3\libnvvp;C:\Program Files (x86)\Common Files\Intel\Shared Libraries\redist\intel64\compiler;C:\Program Files\Microsoft MPI\Bin;C:\WINDOWS\system32;C:\WINDOWS;C:\WINDOWS\System32\Wbem;C:\WINDOWS\System32\WindowsPowerShell\v1.0;C:\WINDOWS\System32\OpenSSH;C:\Program Files (x86)\NVIDIA Corporation\PhysX\Common;C:\Program Files\WireGuard;C:\Program Files\dotnet;C:\Program Files (x86)\NetSarang\Xshell 7;C:\Program Files\NVIDIA Corporation\Nsight Compute 2023.3.1;C:\Program Files (x86)\Windows Kits\10\Windows Performance Toolkit;C:\Program Files\Git\cmd;C:\Users\yolki\.bun\bin;C:\Users\yolki\AppData\Local\Programs\Zed\bin;C:\Users\yolki\AppData\Local\Programs\Microsoft VS Code\bin;C:\Users\yolki\AppData\Local\GitHubDesktop\bin;C:\Users\yolki\AppData\Local\Programs\Antigravity\bin;C:\Users\yolki\AppData\Roaming\npm;C:\Program Files\Graphviz\bin;C:\Users\yolki\.local\bin;C:\Users\yolki\.cache\lm-studio\bin;C:\Program Files\Git\usr\bin\vendor_perl;C:\Program Files\Git\usr\bin\core_perl
USERNAME=yolki
SHELL=C:\Program Files\Git\usr\bin\bash.exe
DISPLAY=needs-to-be-defined
LANG=ru_RU.UTF-8
TERM=xterm-256color
TMPDIR=C:\Users\yolki\AppData\Local\Temp
OS=Windows_NT
PROCESSOR_IDENTIFIER=AMD64 Family 25 Model 97 Stepping 2, AuthenticAMD
TMP=C:\Users\yolki\AppData\Local\Temp
TEMP=C:\Users\yolki\AppData\Local\Temp




Periodic native trim disabled

---------------  S Y S T E M  ---------------

OS:
 Windows 11 , 64 bit Build 26100 (10.0.26100.7309)
OS uptime: 0 days 4:20 hours
Hyper-V role detected

CPU: total 12 (initial active 12) (12 cores per cpu, 2 threads per core) family 25 model 97 stepping 2 microcode 0xa60120c, cx8, cmov, fxsr, ht, mmx, 3dnowpref, sse, sse2, sse3, ssse3, sse4a, sse4.1, sse4.2, popcnt, lzcnt, tsc, tscinvbit, avx, avx2, aes, erms, clmul, bmi1, bmi2, adx, avx512f, avx512dq, avx512cd, avx512bw, avx512vl, sha, fma, vzeroupper, avx512_vpopcntdq, avx512_vpclmulqdq, avx512_vaes, avx512_vnni, clflush, clflushopt, avx512_vbmi2, avx512_vbmi, hv, rdtscp, rdpid, fsrm, gfni, avx512_bitalg, f16c, cet_ss, avx512_ifma
Processor Information for all 12 processors :
  Max Mhz: 3701, Current Mhz: 3701, Mhz Limit: 3701

Memory: 4k page, system-wide physical 32361M (2931M free)
TotalPageFile size 52841M (AvailPageFile size 214M)
current process WorkingSet (physical memory assigned to process): 1535M, peak: 1568M
current process commit charge ("private bytes"): 1595M, peak: 1919M

vm_info: OpenJDK 64-Bit Server VM (21.0.3+9-LTS) for windows-amd64 JRE (21.0.3+9-LTS) (Zulu21.34+19-CA), built on 2024-04-09T07:26:03Z by "zulu_re" with MS VC++ 17.1 (VS2022)

END.
